"url","http_status","canonical","title","duplicate_title","title_contains_ellipsis","meta_description","h1","category","product_name","sku","purity","weight","dimensions","missing_standalone_weight","missing_sku","product_image_count"
"https://www.ddasilver.com/","200","https://www.ddasilver.com/","DDA Silver | Silver Jewellery, Coins & Live Rates in Agra","false","false","Discover silver jewellery, coins, idols, gifts and homeware at DDA Silver in Agra, view live silver rates and plan your showroom visit.","DDA Silver,Agra's trusted family destination for purity, craftsmanship & trust.","","","","","","","","",""
"https://www.ddasilver.com/about","200","https://www.ddasilver.com/about","About Our Agra Silver Showroom | DDA Silver","false","false","Learn about DDA Silver, our Agra roots, dedicated silver showroom and relationship with the wider DDA family of jewellery and precious-metal brands.","Rooted in Agra,made for today.","","","","","","","","",""
"https://www.ddasilver.com/category/coin","200","https://www.ddasilver.com/category/coin","Silver Coin in Agra | DDA Silver","false","false","Explore coin at DDA Silver in Agra. Silver coins in classic and contemporary shapes for gifting and milestones.","Coin","","","","","","","","",""
"https://www.ddasilver.com/category/gifts","200","https://www.ddasilver.com/category/gifts","Silver Gifts in Agra | DDA Silver","false","false","Explore gifts at DDA Silver in Agra. Memorable silver gifts for families, celebrations, and milestones.","Gifts","","","","","","","","",""
"https://www.ddasilver.com/category/gold","200","https://www.ddasilver.com/category/gold","Silver Gold Coins & Bars in Agra | DDA Silver","false","false","Explore gold coins & bars at DDA Silver in Agra. Card-packed gold coins and bars in product-specific purities for gifting and milestones.","Gold Coins & Bars","","","","","","","","",""
"https://www.ddasilver.com/category/idols","200","https://www.ddasilver.com/category/idols","Silver Idols in Agra | DDA Silver","false","false","Explore idols at DDA Silver in Agra. Hollow, solid, and semi-solid silver devotional pieces for prayer and tradition.","Idols","","","","","","","","",""
"https://www.ddasilver.com/category/jhula","200","https://www.ddasilver.com/category/jhula","Silver Jhula in Agra | DDA Silver","false","false","Explore jhula at DDA Silver in Agra. Ornate 92.5% silver jhulas for devotional settings, celebrations, and meaningful gifting.","Jhula","","","","","","","","",""
"https://www.ddasilver.com/category/purse","200","https://www.ddasilver.com/category/purse","Silver Purse in Agra | DDA Silver","false","false","Explore purse at DDA Silver in Agra. Ornate 92.5% silver purses and clutches for celebrations and gifting.","Purse","","","","","","","","",""
"https://www.ddasilver.com/category/utensils","200","https://www.ddasilver.com/category/utensils","Silver Utensils in Agra | DDA Silver","false","false","Explore utensils at DDA Silver in Agra. Silver dining, serving, and home utensils for meaningful everyday use.","Utensils","","","","","","","","",""
"https://www.ddasilver.com/contact","200","https://www.ddasilver.com/contact","Contact Our Agra Showroom | DDA Silver","false","false","Contact DDA Silver by phone or WhatsApp, get directions to our showroom opposite Nagar Nigam on MG Road in Agra and check current opening hours.","Let's find the right silver piece.","","","","","","","","",""
"https://www.ddasilver.com/products","200","https://www.ddasilver.com/products","Silver Products in Agra | DDA Silver","false","false","Explore silver jewellery, coins, idols, gifts and utensils from DDA Silver in Agra. Browse the collection and enquire on WhatsApp for availability.","Explore silver,your way.","","","","","","","","",""
"https://www.ddasilver.com/products/arched-botanical-panel-silver-bottle","200","https://www.ddasilver.com/products/arched-botanical-panel-silver-bottle","Arched Botanical-Panel Silver Bottle in Agra | DDA Silver","false","false","Arched Botanical-Panel Silver Bottle at DDA Silver in Agra. A silver bottle weighing 400 g and standing 9.5 in high, with arched botanical panels, a tapered…","Arched Botanical-Panel Silver Bottle","Utensils","Arched Botanical-Panel Silver Bottle","DDA-UT-BT-101","92.5%","400 g","Height: 9.5 in","false","false","1"
"https://www.ddasilver.com/products/auspicious-elephant-silver-idol","200","https://www.ddasilver.com/products/auspicious-elephant-silver-idol","Auspicious Elephant Silver Idol in Agra | DDA Silver","false","false","Auspicious Elephant Silver Idol at DDA Silver in Agra. A hollow 99.80% pure silver auspicious elephant idol with an intricately engraved ceremonial blanket…","HM-EL-1 — Auspicious Elephant Silver Idol","Idols","Auspicious Elephant Silver Idol","HM-EL-1","99.80%","140 g","Height: 4 in","false","false","1"
"https://www.ddasilver.com/products/auspicious-fish-silver-figurine","200","https://www.ddasilver.com/products/auspicious-fish-silver-figurine","Auspicious Fish Silver Figurine in Agra | DDA Silver","false","false","Auspicious Fish Silver Figurine at DDA Silver in Agra. A hollow 99.80% pure silver fish figurine with engraved scales and gold-toned fins. Weight: 10 g…","HM-FS-1 — Auspicious Fish Silver Figurine","Idols","Auspicious Fish Silver Figurine","HM-FS-1","99.80%","10 g","Height: 1.5 in","false","false","1"
"https://www.ddasilver.com/products/auspicious-owl-silver-idol","200","https://www.ddasilver.com/products/auspicious-owl-silver-idol","Auspicious Owl Silver Idol in Agra | DDA Silver","false","false","Auspicious Owl Silver Idol at DDA Silver in Agra. A hollow 99.80% pure silver auspicious owl idol, traditionally associated with Goddess Lakshmi. Weight: 25…","HM-OW-1 — Auspicious Owl Silver Idol","Idols","Auspicious Owl Silver Idol","HM-OW-1","99.80%","25 g","Height: 3 in","false","false","1"
"https://www.ddasilver.com/products/auspicious-script-gold-neck-silver-nariyal","200","https://www.ddasilver.com/products/auspicious-script-gold-neck-silver-nariyal","Auspicious Script Gold-Neck Silver Nariyal in… | DDA Silver","false","true","Auspicious Script Gold-Neck Silver Nariyal at DDA Silver in Agra. A tall ceremonial silver nariyal with a gold-toned neck, finely engraved auspicious script…","Auspicious Script Gold-Neck Silver Nariyal","Gifts","Auspicious Script Gold-Neck Silver Nariyal","NY-05","92.5%","65 g","Height: 5 in","false","false","1"
"https://www.ddasilver.com/products/bal-krishna-laddu-gopal-silver-idol","200","https://www.ddasilver.com/products/bal-krishna-laddu-gopal-silver-idol","Bal Krishna / Laddu Gopal Silver Idol in Agra | DDA Silver","false","false","Bal Krishna / Laddu Gopal Silver Idol at DDA Silver in Agra. A hollow 99.80% pure silver Bal Krishna / Laddu Gopal idol for devotional display. Weight: 50 g…","HM-BK-1 — Bal Krishna / Laddu Gopal Silver Idol","Idols","Bal Krishna / Laddu Gopal Silver Idol","HM-BK-1","99.80%","50 g","Height: 3 in","false","false","1"
"https://www.ddasilver.com/products/bal-krishna-silver-idol-with-butter-pot","200","https://www.ddasilver.com/products/bal-krishna-silver-idol-with-butter-pot","Bal Krishna Silver Idol with Butter Pot in Agra | DDA Silver","false","false","Bal Krishna Silver Idol with Butter Pot at DDA Silver in Agra. A hollow 99.80% pure silver Bal Krishna idol seated beside a butter pot. Weight: 32 g. Height…","HM-BK-6 — Bal Krishna Silver Idol with Butter Pot","Idols","Bal Krishna Silver Idol with Butter Pot","HM-BK-6","99.80%","32 g","Height: 3 in","false","false","1"
"https://www.ddasilver.com/products/bal-krishna-two-tone-oval-coin-10g","200","https://www.ddasilver.com/products/bal-krishna-two-tone-oval-coin-10g","DDA 10 Gram Bal Krishna Two-Tone Oval Silver… | DDA Silver","false","true","DDA 10 Gram Bal Krishna Two-Tone Oval Silver Coin at DDA Silver in Agra. A 10 gram silver piece featuring crawling Bal Krishna with a bowl and flute…","DDA 10 Gram Bal Krishna Two-Tone Oval Silver Coin","Coin","DDA 10 Gram Bal Krishna Two-Tone Oval Silver Coin","DDA-COIN-20260822-024","99.80%","10 g","","false","false","1"
"https://www.ddasilver.com/products/bal-krishna-two-tone-oval-coin-20g","200","https://www.ddasilver.com/products/bal-krishna-two-tone-oval-coin-20g","DDA 20 Gram Bal Krishna Two-Tone Oval Silver… | DDA Silver","false","true","DDA 20 Gram Bal Krishna Two-Tone Oval Silver Coin at DDA Silver in Agra. A 20 gram silver piece featuring crawling Bal Krishna with a bowl and flute…","DDA 20 Gram Bal Krishna Two-Tone Oval Silver Coin","Coin","DDA 20 Gram Bal Krishna Two-Tone Oval Silver Coin","DDA-COIN-20260822-023","99.80%","20 g","","false","false","1"
"https://www.ddasilver.com/products/bal-krishna-two-tone-oval-coin-50g","200","https://www.ddasilver.com/products/bal-krishna-two-tone-oval-coin-50g","DDA 50 Gram Bal Krishna Two-Tone Oval Silver… | DDA Silver","false","true","DDA 50 Gram Bal Krishna Two-Tone Oval Silver Coin at DDA Silver in Agra. A 50 gram silver piece featuring crawling Bal Krishna with a bowl and flute…","DDA 50 Gram Bal Krishna Two-Tone Oval Silver Coin","Coin","DDA 50 Gram Bal Krishna Two-Tone Oval Silver Coin","DDA-COIN-20260822-018","99.80%","50 g","","false","false","1"
"https://www.ddasilver.com/products/beaded-oval-silver-clutch-380g","200","https://www.ddasilver.com/products/beaded-oval-silver-clutch-380g","Beaded Oval Silver Clutch in Agra | DDA Silver","false","false","Beaded Oval Silver Clutch at DDA Silver in Agra. A rounded 92.5% silver clutch with dense floral beadwork, a circular engraved handle, finely bordered edges…","PR-9 — Beaded Oval Silver Clutch","Purse","Beaded Oval Silver Clutch","PR-9","92.5%","380 g","","false","false","1"
"https://www.ddasilver.com/products/beaded-scroll-mini-silver-spoon","200","https://www.ddasilver.com/products/beaded-scroll-mini-silver-spoon","Beaded Scroll Mini Silver Spoon in Agra | DDA Silver","false","false","Beaded Scroll Mini Silver Spoon at DDA Silver in Agra. A compact scroll-handled spoon in 92.5% pure silver, with a supplied weight of 10 g and height of 3.5 in.","Beaded Scroll Mini Silver Spoon","Utensils","Beaded Scroll Mini Silver Spoon","DDA-UT-SP-34","92.5%","10 g","Height: 3.5 in","false","false","1"
"https://www.ddasilver.com/products/benjamin-franklin-rectangular-silver-bar-5g","200","https://www.ddasilver.com/products/benjamin-franklin-rectangular-silver-bar-5g","DDA 5 Gram Benjamin Franklin Rectangular… | DDA Silver","false","true","DDA 5 Gram Benjamin Franklin Rectangular Silver Bar at DDA Silver in Agra. A 5 gram silver piece featuring a Benjamin Franklin portrait and historic-building…","DDA 5 Gram Benjamin Franklin Rectangular Silver Bar","Coin","DDA 5 Gram Benjamin Franklin Rectangular Silver Bar","DDA-COIN-20260822-001","99.80%","5 g","","false","false","1"
"https://www.ddasilver.com/products/bird-foot-peacock-floral-silver-jhula","200","https://www.ddasilver.com/products/bird-foot-peacock-floral-silver-jhula","Bird Foot Peacock Floral Silver Jhula in Agra | DDA Silver","false","false","Bird Foot Peacock Floral Silver Jhula at DDA Silver in Agra. A large 92.5% silver bird-foot jhula weighing 2650 g, with a 9 × 7 inch singhasan measured…","Bird Foot Peacock Floral Silver Jhula","Jhula","Bird Foot Peacock Floral Silver Jhula","JH-07","92.5%","2650 g","Singhasan dimensions: 9 × 7 in","false","false","1"
"https://www.ddasilver.com/products/blackdog-floral-panel-silver-wine-bottle","200","https://www.ddasilver.com/products/blackdog-floral-panel-silver-wine-bottle","Blackdog Floral-Panel Silver Wine Bottle in Agra | DDA Silver","false","false","Blackdog Floral-Panel Silver Wine Bottle at DDA Silver in Agra. A silver wine bottle weighing 500 g and standing 12 in high, with floral relief panels and the…","Blackdog Floral-Panel Silver Wine Bottle","Utensils","Blackdog Floral-Panel Silver Wine Bottle","DDA-UT-BT-107","92.5%","500 g","Height: 12 in","false","false","1"
"https://www.ddasilver.com/products/blue-enamel-floral-thali-set-12in-1123g","200","https://www.ddasilver.com/products/blue-enamel-floral-thali-set-12in-1123g","DDA 12 Inch Blue Enamel Floral Pooja Thali Set… | DDA Silver","false","true","DDA 12 Inch Blue Enamel Floral Pooja Thali Set at DDA Silver in Agra. A 1123 gram, 12-inch Pooja Thali Set in confirmed 92.5% silver with a blue enamel floral…","DDA 12 Inch Blue Enamel Floral Pooja Thali Set","Utensils","DDA 12 Inch Blue Enamel Floral Pooja Thali Set","DDA-UT-PT-2203","92.5%","1123 g","Diameter: 12 in","false","false","1"
"https://www.ddasilver.com/products/blue-stone-vertical-silver-purse-600g","200","https://www.ddasilver.com/products/blue-stone-vertical-silver-purse-600g","Blue-Stone Vertical Silver Purse in Agra | DDA Silver","false","false","Blue-Stone Vertical Silver Purse at DDA Silver in Agra. A tall 92.5% silver purse with intricate openwork, blue and pastel stone accents, a peacock-inspired…","PR-2 — Blue-Stone Vertical Silver Purse","Purse","Blue-Stone Vertical Silver Purse","PR-2","92.5%","600 g","","false","false","1"
"https://www.ddasilver.com/products/blue-teal-enamel-thali-set-10in-765g","200","https://www.ddasilver.com/products/blue-teal-enamel-thali-set-10in-765g","DDA 10 Inch Blue Teal Enamel Pooja Thali Set… | DDA Silver","false","true","DDA 10 Inch Blue Teal Enamel Pooja Thali Set at DDA Silver in Agra. A 765 gram, 10-inch Pooja Thali Set in confirmed 92.5% silver with a blue-teal enamel…","DDA 10 Inch Blue Teal Enamel Pooja Thali Set","Utensils","DDA 10 Inch Blue Teal Enamel Pooja Thali Set","DDA-UT-PT-2210","92.5%","765 g","Diameter: 10 in","false","false","1"
"https://www.ddasilver.com/products/br-ambedkar-silver-figurine-book","200","https://www.ddasilver.com/products/br-ambedkar-silver-figurine-book","B. R. Ambedkar Silver Figurine with Book in Agra | DDA Silver","false","false","B. R. Ambedkar Silver Figurine with Book at DDA Silver in Agra. A hollow 99.80% pure silver B. R. Ambedkar figurine standing on a round pedestal with a raised…","HM-BR-1 — B. R. Ambedkar Silver Figurine with Book","Idols","B. R. Ambedkar Silver Figurine with Book","HM-BR-1","99.80%","50 g","Height: 4.5 in","false","false","1"
"https://www.ddasilver.com/products/broad-base-peacock-silver-jhula","200","https://www.ddasilver.com/products/broad-base-peacock-silver-jhula","Broad Base Peacock Silver Jhula in Agra | DDA Silver","false","false","Broad Base Peacock Silver Jhula at DDA Silver in Agra. A 92.5% silver broad-base peacock jhula weighing approximately 1289 g, with a 7 × 5 inch singhasan…","Broad Base Peacock Silver Jhula","Jhula","Broad Base Peacock Silver Jhula","JH-06","92.5%","1289 g","Singhasan dimensions: 7 × 5 in","false","false","1"
"https://www.ddasilver.com/products/broad-five-inch-rounded-silver-kalash","200","https://www.ddasilver.com/products/broad-five-inch-rounded-silver-kalash","Broad Five-Inch Rounded Silver Kalash in Agra | DDA Silver","false","false","Broad Five-Inch Rounded Silver Kalash at DDA Silver in Agra. Broad Five-Inch Rounded Silver Kalash in 99.80% pure silver, featuring a broader five-inch belly…","Broad Five-Inch Rounded Silver Kalash","Utensils","Broad Five-Inch Rounded Silver Kalash","DDA-UT-KL-87","99.80%","400 g","Height: 5 in","false","false","1"
"https://www.ddasilver.com/products/broad-rim-three-inch-silver-plate","200","https://www.ddasilver.com/products/broad-rim-three-inch-silver-plate","Broad-Rim Three-Inch Silver Plate in Agra | DDA Silver","false","false","Broad-Rim Three-Inch Silver Plate at DDA Silver in Agra. Broad-Rim Three-Inch Silver Plate in 99.80% pure silver, featuring a small recessed centre framed by…","Broad-Rim Three-Inch Silver Plate","Utensils","Broad-Rim Three-Inch Silver Plate","DDA-UT-PL-55","99.80%","20 g","Diameter: 3 in","false","false","1"
"https://www.ddasilver.com/products/broad-rounded-silver-kalash","200","https://www.ddasilver.com/products/broad-rounded-silver-kalash","Broad Rounded Silver Kalash in Agra | DDA Silver","false","false","Broad Rounded Silver Kalash at DDA Silver in Agra. Broad Rounded Silver Kalash in 99.80% pure silver, featuring a broad low body, narrow neck and polished…","Broad Rounded Silver Kalash","Utensils","Broad Rounded Silver Kalash","DDA-UT-KL-78","99.80%","50 g","Height: 2.5 in","false","false","1"
"https://www.ddasilver.com/products/broad-tapered-handle-silver-spoon","200","https://www.ddasilver.com/products/broad-tapered-handle-silver-spoon","Broad Tapered-Handle Silver Spoon in Agra | DDA Silver","false","false","Broad Tapered-Handle Silver Spoon at DDA Silver in Agra. A polished spoon with a broad tapered handle in 92.5% pure silver, with a supplied weight of 40 g and…","Broad Tapered-Handle Silver Spoon","Utensils","Broad Tapered-Handle Silver Spoon","DDA-UT-SP-39","92.5%","40 g","Height: 6 in","false","false","1"
"https://www.ddasilver.com/products/brushed-linear-silver-tumbler","200","https://www.ddasilver.com/products/brushed-linear-silver-tumbler","Brushed Linear Silver Glass in Agra | DDA Silver","false","false","Brushed Linear Silver Glass at DDA Silver in Agra. A brushed linear glass in confirmed 99.80% pure silver, with a supplied weight of 50 g and height of 3.5 in.","Brushed Linear Silver Glass","Utensils","Brushed Linear Silver Glass","","99.80%","50 g","Height: 3.5 in","false","true","1"
"https://www.ddasilver.com/products/brushed-rim-silver-bowl","200","https://www.ddasilver.com/products/brushed-rim-silver-bowl","Brushed-Rim Silver Bowl in Agra | DDA Silver","false","false","Brushed-Rim Silver Bowl at DDA Silver in Agra. A brushed-rim bowl in confirmed 99.80% pure silver, with a supplied weight of 30 g and diameter of 3 in.","Brushed-Rim Silver Bowl","Utensils","Brushed-Rim Silver Bowl","","99.80%","30 g","Diameter: 3 in","false","true","1"
"https://www.ddasilver.com/products/butterfly-floral-puja-thali-set","200","https://www.ddasilver.com/products/butterfly-floral-puja-thali-set","Butterfly Floral Puja Thali Set in Agra | DDA Silver","false","false","Butterfly Floral Puja Thali Set at DDA Silver in Agra. A silver puja thali with pointed floral edging, butterfly detail, pedestal diya, kalash and two bowls…","Butterfly Floral Puja Thali Set","Utensils","Butterfly Floral Puja Thali Set","DDA-UT-PT-3","92.5%","475 g","Diameter: 8 in","false","false","1"
"https://www.ddasilver.com/products/camel-cart-silver-sculpture","200","https://www.ddasilver.com/products/camel-cart-silver-sculpture","Camel Cart Silver Sculpture in Agra | DDA Silver","false","false","Camel Cart Silver Sculpture at DDA Silver in Agra. A detailed silver camel-drawn cart sculpture with ornate harness, canopy and wheels. Weight: 1,145 g…","Camel Cart Silver Sculpture","Gifts","Camel Cart Silver Sculpture","DDA-GF-PICS-37","92.5%","1145 g","","false","false","1"
"https://www.ddasilver.com/products/celestial-arch-ganesha-semi-solid-silver-idol","200","https://www.ddasilver.com/products/celestial-arch-ganesha-semi-solid-silver-idol","Celestial Arch Ganesha Semi-solid Silver Idol… | DDA Silver","false","true","Celestial Arch Ganesha Semi-solid Silver Idol at DDA Silver in Agra. A semi-solid 92.5% silver Ganesha idol framed by an elaborate celestial arch with…","Celestial Arch Ganesha Semi-solid Silver Idol","Idols","Celestial Arch Ganesha Semi-solid Silver Idol","SSM-GN-2","92.5%","950 g","Height: 5.5 in","false","false","1"
"https://www.ddasilver.com/products/ceremonial-peacock-boat-silver-sculpture","200","https://www.ddasilver.com/products/ceremonial-peacock-boat-silver-sculpture","Ceremonial Peacock-Boat Silver Sculpture in Agra | DDA Silver","false","false","Ceremonial Peacock-Boat Silver Sculpture at DDA Silver in Agra. A 40 kg silver ceremonial boat sculpture measuring 49 in wide and 22 in high, with peacock…","Ceremonial Peacock-Boat Silver Sculpture","Gifts","Ceremonial Peacock-Boat Silver Sculpture","DS-01","92.5%","40000 g","Height: 22 in | Width: 49 in","false","false","1"
"https://www.ddasilver.com/products/chrysanthemum-tree-round-silver-singhasan","200","https://www.ddasilver.com/products/chrysanthemum-tree-round-silver-singhasan","Chrysanthemum-Tree Round Silver Singhasan in… | DDA Silver","false","true","Chrysanthemum-Tree Round Silver Singhasan at DDA Silver in Agra. A round silver singhasan weighing 455 g, with a branching chrysanthemum back, engraved seat…","Chrysanthemum-Tree Round Silver Singhasan","Gifts","Chrysanthemum-Tree Round Silver Singhasan","SG-20","92.5%","455 g","Width: 6 in | Depth: 4 in","false","false","1"
"https://www.ddasilver.com/products/classic-brushed-silver-tumbler","200","https://www.ddasilver.com/products/classic-brushed-silver-tumbler","Classic Brushed Silver Glass in Agra | DDA Silver","false","false","Classic Brushed Silver Glass at DDA Silver in Agra. A classic brushed glass in confirmed 99.80% pure silver, with a supplied weight of 80 g and height of 4 in.","Classic Brushed Silver Glass","Utensils","Classic Brushed Silver Glass","","99.80%","80 g","Height: 4 in","false","true","1"
"https://www.ddasilver.com/products/classic-linear-silver-jug","200","https://www.ddasilver.com/products/classic-linear-silver-jug","Classic Linear Silver Jug in Agra | DDA Silver","false","false","Classic Linear Silver Jug at DDA Silver in Agra. Classic Linear Silver Jug in 99.80% pure silver, featuring a classic handled silhouette, linear texture and…","Classic Linear Silver Jug","Utensils","Classic Linear Silver Jug","DDA-UT-JG-72","99.80%","250 g","Height: 5.5 in","false","false","1"
"https://www.ddasilver.com/products/classic-rounded-handle-silver-spoon","200","https://www.ddasilver.com/products/classic-rounded-handle-silver-spoon","Classic Rounded-Handle Silver Spoon in Agra | DDA Silver","false","false","Classic Rounded-Handle Silver Spoon at DDA Silver in Agra. A classic polished spoon with a rounded handle in 92.5% pure silver, supplied at 50 g and 6 in…","Classic Rounded-Handle Silver Spoon","Utensils","Classic Rounded-Handle Silver Spoon","DDA-UT-SP-40","92.5%","50 g","Height: 6 in","false","false","1"
"https://www.ddasilver.com/products/classic-rounded-silver-kalash","200","https://www.ddasilver.com/products/classic-rounded-silver-kalash","Classic Rounded Silver Kalash in Agra | DDA Silver","false","false","Classic Rounded Silver Kalash at DDA Silver in Agra. Classic Rounded Silver Kalash in 99.80% pure silver, featuring a classic spherical belly and neatly…","Classic Rounded Silver Kalash","Utensils","Classic Rounded Silver Kalash","DDA-UT-KL-80","99.80%","75 g","Height: 3 in","false","false","1"
"https://www.ddasilver.com/products/classic-scroll-silver-spoon","200","https://www.ddasilver.com/products/classic-scroll-silver-spoon","Classic Scroll Silver Spoon in Agra | DDA Silver","false","false","Classic Scroll Silver Spoon at DDA Silver in Agra. A classic polished spoon with a lined scroll handle in 92.5% pure silver, supplied at 20 g and 5 in high…","Classic Scroll Silver Spoon","Utensils","Classic Scroll Silver Spoon","DDA-UT-SP-36","92.5%","20 g","Height: 5 in","false","false","1"
"https://www.ddasilver.com/products/classic-serving-silver-bowl","200","https://www.ddasilver.com/products/classic-serving-silver-bowl","Classic Serving Silver Bowl in Agra | DDA Silver","false","false","Classic Serving Silver Bowl at DDA Silver in Agra. A classic serving bowl in confirmed 99.80% pure silver, with a supplied weight of 125 g and diameter of 6 in.","Classic Serving Silver Bowl","Utensils","Classic Serving Silver Bowl","","99.80%","125 g","Diameter: 6 in","false","true","1"
"https://www.ddasilver.com/products/classic-silver-bowl","200","https://www.ddasilver.com/products/classic-silver-bowl","Classic Silver Bowl in Agra | DDA Silver","false","false","Classic Silver Bowl at DDA Silver in Agra. A classic rounded bowl in confirmed 99.80% pure silver, with a supplied weight of 50 g and diameter of 3.5 in.","Classic Silver Bowl","Utensils","Classic Silver Bowl","","99.80%","50 g","Diameter: 3.5 in","false","true","1"
"https://www.ddasilver.com/products/classical-profile-rectangular-silver-bar-100g","200","https://www.ddasilver.com/products/classical-profile-rectangular-silver-bar-100g","DDA 100 Gram Classical Profile Rectangular… | DDA Silver","false","true","DDA 100 Gram Classical Profile Rectangular Silver Bar at DDA Silver in Agra. A 100 gram silver piece featuring a classical-profile portrait and ornate…","DDA 100 Gram Classical Profile Rectangular Silver Bar","Coin","DDA 100 Gram Classical Profile Rectangular Silver Bar","DDA-COIN-20260822-033","99.80%","100 g","","false","false","1"
"https://www.ddasilver.com/products/classical-profile-rectangular-silver-bar-10g","200","https://www.ddasilver.com/products/classical-profile-rectangular-silver-bar-10g","DDA 10 Gram Classical Profile Rectangular… | DDA Silver","false","true","DDA 10 Gram Classical Profile Rectangular Silver Bar at DDA Silver in Agra. A 10 gram silver piece featuring a classical-profile portrait and ornate…","DDA 10 Gram Classical Profile Rectangular Silver Bar","Coin","DDA 10 Gram Classical Profile Rectangular Silver Bar","DDA-COIN-20260822-036","99.80%","10 g","","false","false","1"
"https://www.ddasilver.com/products/classical-profile-rectangular-silver-bar-20g","200","https://www.ddasilver.com/products/classical-profile-rectangular-silver-bar-20g","DDA 20 Gram Classical Profile Rectangular… | DDA Silver","false","true","DDA 20 Gram Classical Profile Rectangular Silver Bar at DDA Silver in Agra. A 20 gram silver piece featuring a classical-profile portrait and ornate…","DDA 20 Gram Classical Profile Rectangular Silver Bar","Coin","DDA 20 Gram Classical Profile Rectangular Silver Bar","DDA-COIN-20260822-035","99.80%","20 g","","false","false","1"
"https://www.ddasilver.com/products/classical-profile-rectangular-silver-bar-50g","200","https://www.ddasilver.com/products/classical-profile-rectangular-silver-bar-50g","DDA 50 Gram Classical Profile Rectangular… | DDA Silver","false","true","DDA 50 Gram Classical Profile Rectangular Silver Bar at DDA Silver in Agra. A 50 gram silver piece featuring a classical-profile portrait and ornate…","DDA 50 Gram Classical Profile Rectangular Silver Bar","Coin","DDA 50 Gram Classical Profile Rectangular Silver Bar","DDA-COIN-20260822-034","99.80%","50 g","","false","false","1"
"https://www.ddasilver.com/products/classical-profile-rectangular-silver-bar-5g","200","https://www.ddasilver.com/products/classical-profile-rectangular-silver-bar-5g","DDA 5 Gram Classical Profile Rectangular… | DDA Silver","false","true","DDA 5 Gram Classical Profile Rectangular Silver Bar at DDA Silver in Agra. A 5 gram silver piece featuring a classical-profile portrait and ornate rectangular…","DDA 5 Gram Classical Profile Rectangular Silver Bar","Coin","DDA 5 Gram Classical Profile Rectangular Silver Bar","DDA-COIN-20260822-037","99.80%","5 g","","false","false","1"
"https://www.ddasilver.com/products/cobra-and-nandi-shivling-semi-solid-silver-idol","200","https://www.ddasilver.com/products/cobra-and-nandi-shivling-semi-solid-silver-idol","Cobra and Nandi Shivling Semi-solid Silver… | DDA Silver","false","true","Cobra and Nandi Shivling Semi-solid Silver Idol at DDA Silver in Agra. A semi-solid 92.5% silver Shivling composition with cobra hood, Nandi detail and…","Cobra and Nandi Shivling Semi-solid Silver Idol","Idols","Cobra and Nandi Shivling Semi-solid Silver Idol","SSM-SH-3","92.5%","200 g","Height: 3 in","false","false","1"
"https://www.ddasilver.com/products/colored-bal-krishna-silver-idol","200","https://www.ddasilver.com/products/colored-bal-krishna-silver-idol","Colored Bal Krishna Silver Idol in Agra | DDA Silver","false","false","Colored Bal Krishna Silver Idol at DDA Silver in Agra. A hollow 99.80% pure silver Bal Krishna idol with hand-painted devotional details. Weight: 20 g…","HM-BK-3 — Colored Bal Krishna Silver Idol","Idols","Colored Bal Krishna Silver Idol","HM-BK-3","99.80%","20 g","Height: 3 in","false","false","1"
"https://www.ddasilver.com/products/colored-crawling-bal-krishna-silver-idol","200","https://www.ddasilver.com/products/colored-crawling-bal-krishna-silver-idol","Colored Crawling Bal Krishna Silver Idol in Agra | DDA Silver","false","false","Colored Crawling Bal Krishna Silver Idol at DDA Silver in Agra. A hollow 99.80% pure silver crawling Bal Krishna idol with hand-painted details. Weight: 15 g…","HM-BK-4 — Colored Crawling Bal Krishna Silver Idol","Idols","Colored Crawling Bal Krishna Silver Idol","HM-BK-4","99.80%","15 g","Height: 2 in","false","false","1"
"https://www.ddasilver.com/products/colored-meditating-shiva-silver-idol","200","https://www.ddasilver.com/products/colored-meditating-shiva-silver-idol","Colored Meditating Shiva Silver Idol in Agra | DDA Silver","false","false","Colored Meditating Shiva Silver Idol at DDA Silver in Agra. A hollow 99.80% pure silver meditating Shiva idol with hand-painted details. Weight: 15 g. Height…","HM-SH-2 — Colored Meditating Shiva Silver Idol","Idols","Colored Meditating Shiva Silver Idol","HM-SH-2","99.80%","15 g","Height: 2 in","false","false","1"
"https://www.ddasilver.com/products/colored-panchmukhi-hanuman-silver-idol","200","https://www.ddasilver.com/products/colored-panchmukhi-hanuman-silver-idol","Colored Panchmukhi Hanuman Silver Idol in Agra | DDA Silver","false","false","Colored Panchmukhi Hanuman Silver Idol at DDA Silver in Agra. A hollow 99.80% pure silver Panchmukhi Hanuman idol with hand-painted details. Weight: 50 g…","HM-HN-2 — Colored Panchmukhi Hanuman Silver Idol","Idols","Colored Panchmukhi Hanuman Silver Idol","HM-HN-2","99.80%","50 g","Height: 3.5 in","false","false","1"
"https://www.ddasilver.com/products/compact-concentric-line-silver-plate","200","https://www.ddasilver.com/products/compact-concentric-line-silver-plate","Compact Concentric-Line Silver Plate in Agra | DDA Silver","false","false","Compact Concentric-Line Silver Plate at DDA Silver in Agra. Compact Concentric-Line Silver Plate in 99.80% pure silver, featuring a compact round profile and…","Compact Concentric-Line Silver Plate","Utensils","Compact Concentric-Line Silver Plate","DDA-UT-PL-43","99.80%","75 g","Diameter: 5 in","false","false","1"
"https://www.ddasilver.com/products/compact-floral-fan-silver-singhasan","200","https://www.ddasilver.com/products/compact-floral-fan-silver-singhasan","Compact Floral-Fan Silver Singhasan in Agra | DDA Silver","false","false","Compact Floral-Fan Silver Singhasan at DDA Silver in Agra. A compact silver singhasan weighing 70 g, with a fan-shaped floral back, engraved platform and…","Compact Floral-Fan Silver Singhasan","Gifts","Compact Floral-Fan Silver Singhasan","SG-15","92.5%","70 g","Width: 4 in | Depth: 3 in","false","false","1"
"https://www.ddasilver.com/products/compact-om-flag-silver-hatri","200","https://www.ddasilver.com/products/compact-om-flag-silver-hatri","Compact Om-Flag Silver Hatri in Agra | DDA Silver","false","false","Compact Om-Flag Silver Hatri at DDA Silver in Agra. A compact single-chamber silver Hatri with an Om flag and four ritual cups for Diwali puja. Weight: 265 g…","Compact Om-Flag Silver Hatri","Gifts","Compact Om-Flag Silver Hatri","DDA-GF-PICS-20","92.5%","265 g","Height: 8 in","false","false","1"
"https://www.ddasilver.com/products/compact-radha-krishna-silver-idol-flute","200","https://www.ddasilver.com/products/compact-radha-krishna-silver-idol-flute","Compact Radha Krishna Silver Idol with Flute… | DDA Silver","false","true","Compact Radha Krishna Silver Idol with Flute at DDA Silver in Agra. A compact hollow 99.80% pure silver Radha Krishna idol with Krishna playing the flute and…","HM-RK-23 — Compact Radha Krishna Silver Idol with Flute","Idols","Compact Radha Krishna Silver Idol with Flute","HM-RK-23","99.80%","35 g","Height: 3.5 in","false","false","1"
"https://www.ddasilver.com/products/compact-rama-silver-idol-bow","200","https://www.ddasilver.com/products/compact-rama-silver-idol-bow","Compact Rama Silver Idol with Bow in Agra | DDA Silver","false","false","Compact Rama Silver Idol with Bow at DDA Silver in Agra. A compact hollow 99.80% pure silver standing Rama idol holding a bow, with a quiver and painted…","HM-RM-12 — Compact Rama Silver Idol with Bow","Idols","Compact Rama Silver Idol with Bow","HM-RM-12","99.80%","10 g","Height: 2.5 in","false","false","1"
"https://www.ddasilver.com/products/compact-rounded-silver-kalash","200","https://www.ddasilver.com/products/compact-rounded-silver-kalash","Compact Rounded Silver Kalash in Agra | DDA Silver","false","false","Compact Rounded Silver Kalash at DDA Silver in Agra. Compact Rounded Silver Kalash in 99.80% pure silver, featuring a compact bulbous body with a rolled open…","Compact Rounded Silver Kalash","Utensils","Compact Rounded Silver Kalash","DDA-UT-KL-77","99.80%","40 g","Height: 2.5 in","false","false","1"
"https://www.ddasilver.com/products/compact-triple-ring-silver-plate","200","https://www.ddasilver.com/products/compact-triple-ring-silver-plate","Compact Triple-Ring Silver Plate in Agra | DDA Silver","false","false","Compact Triple-Ring Silver Plate at DDA Silver in Agra. Compact Triple-Ring Silver Plate in 99.80% pure silver, featuring a petite profile defined by three…","Compact Triple-Ring Silver Plate","Utensils","Compact Triple-Ring Silver Plate","DDA-UT-PL-54","99.80%","15 g","Diameter: 2.5 in","false","false","1"
"https://www.ddasilver.com/products/compact-two-tier-silver-hatri","200","https://www.ddasilver.com/products/compact-two-tier-silver-hatri","Compact Two-Tier Silver Hatri in Agra | DDA Silver","false","false","Compact Two-Tier Silver Hatri at DDA Silver in Agra. A compact two-tier house-shaped silver Hatri with arched openings, four ritual cups and an Om flag for…","Compact Two-Tier Silver Hatri","Gifts","Compact Two-Tier Silver Hatri","DDA-GF-PICS-12","92.5%","400 g","Height: 10 in","false","false","1"
"https://www.ddasilver.com/products/crawling-bal-krishna-silver-idol","200","https://www.ddasilver.com/products/crawling-bal-krishna-silver-idol","Crawling Bal Krishna Silver Idol in Agra | DDA Silver","false","false","Crawling Bal Krishna Silver Idol at DDA Silver in Agra. A hollow 99.80% pure silver crawling Bal Krishna idol holding a ball of butter. Weight: 5 g. Height: 2…","HM-BK-5 — Crawling Bal Krishna Silver Idol","Idols","Crawling Bal Krishna Silver Idol","HM-BK-5","99.80%","5 g","Height: 2 in","false","false","1"
"https://www.ddasilver.com/products/crystal-knob-five-piece-condiment-set","200","https://www.ddasilver.com/products/crystal-knob-five-piece-condiment-set","Crystal-Knob Five-Piece Condiment Set in Agra | DDA Silver","false","false","Crystal-Knob Five-Piece Condiment Set at DDA Silver in Agra. A five-piece covered silver condiment set with clear faceted knobs around a central peacock…","Crystal-Knob Five-Piece Condiment Set","Utensils","Crystal-Knob Five-Piece Condiment Set","DDA-UT-BW-109","92.5%","550 g","Height: 3 in","false","false","1"
"https://www.ddasilver.com/products/curved-rounded-silver-kalash","200","https://www.ddasilver.com/products/curved-rounded-silver-kalash","Curved Rounded Silver Kalash in Agra | DDA Silver","false","false","Curved Rounded Silver Kalash at DDA Silver in Agra. Curved Rounded Silver Kalash in 99.80% pure silver, featuring a full curved body with contrasting polished…","Curved Rounded Silver Kalash","Utensils","Curved Rounded Silver Kalash","DDA-UT-KL-83","99.80%","150 g","Height: 3.9 in","false","false","1"
"https://www.ddasilver.com/products/dark-accent-crawling-bal-krishna-laddoo","200","https://www.ddasilver.com/products/dark-accent-crawling-bal-krishna-laddoo","Dark-Accent Crawling Bal Krishna Silver Idol… | DDA Silver","false","true","Dark-Accent Crawling Bal Krishna Silver Idol with Laddoo at DDA Silver in Agra. A hollow 99.80% pure silver crawling Bal Krishna idol holding a laddoo, with…","HM-BK-18 — Dark-Accent Crawling Bal Krishna Silver Idol with Laddoo","Idols","Dark-Accent Crawling Bal Krishna Silver Idol with Laddoo","HM-BK-18","99.80%","50 g","Height: 3 in","false","false","1"
"https://www.ddasilver.com/products/dda-10-gram-lakshmi-ganesh-silver-coin","200","https://www.ddasilver.com/products/dda-10-gram-lakshmi-ganesh-silver-coin","DDA 10 Gram Lakshmi Ganesh Silver Coin in Agra | DDA Silver","false","false","DDA 10 Gram Lakshmi Ganesh Silver Coin at DDA Silver in Agra. A 10 gram round DDA silver coin in 99.80% purity featuring Lakshmi and Ganesh, shown with its…","DDA 10 Gram Lakshmi Ganesh Silver Coin","Coin","DDA 10 Gram Lakshmi Ganesh Silver Coin","DDA-COIN-LAKSHMI-GANESH-10G","99.80%","","","true","false","1"
"https://www.ddasilver.com/products/dda-10-gram-oval-anniversary-silver-coin","200","https://www.ddasilver.com/products/dda-10-gram-oval-anniversary-silver-coin","DDA 10 Gram Oval Anniversary Silver Coin in Agra | DDA Silver","false","false","DDA 10 Gram Oval Anniversary Silver Coin at DDA Silver in Agra. A 10 gram oval DDA silver coin in 99.80% purity, featuring a couple and Happy Anniversary…","DDA 10 Gram Oval Anniversary Silver Coin","Coin","DDA 10 Gram Oval Anniversary Silver Coin","DDA-COIN-10G-OVAL-ANNIVERSARY","99.80%","","","true","false","1"
"https://www.ddasilver.com/products/dda-10-gram-oval-bal-krishna-silver-coin","200","https://www.ddasilver.com/products/dda-10-gram-oval-bal-krishna-silver-coin","DDA 10 Gram Oval Bal Krishna Silver Coin in Agra | DDA Silver","false","false","DDA 10 Gram Oval Bal Krishna Silver Coin at DDA Silver in Agra. A 10 gram oval DDA silver coin in 99.80% purity, featuring Bal Krishna with its ornamental…","DDA 10 Gram Oval Bal Krishna Silver Coin","Coin","DDA 10 Gram Oval Bal Krishna Silver Coin","DDA-COIN-10G-OVAL-BAL-KRISHNA","99.80%","","","true","false","1"
"https://www.ddasilver.com/products/dda-10-gram-oval-radha-krishna-silver-coin","200","https://www.ddasilver.com/products/dda-10-gram-oval-radha-krishna-silver-coin","DDA 10 Gram Oval Radha Krishna Silver Coin in… | DDA Silver","false","true","DDA 10 Gram Oval Radha Krishna Silver Coin at DDA Silver in Agra. A 10 gram oval DDA silver coin in 99.80% purity, featuring Radha and Krishna with its…","DDA 10 Gram Oval Radha Krishna Silver Coin","Coin","DDA 10 Gram Oval Radha Krishna Silver Coin","DDA-COIN-10G-OVAL-RADHA-KRISHNA","99.80%","","","true","false","1"
"https://www.ddasilver.com/products/dda-10-gram-oval-silver-coin","200","https://www.ddasilver.com/products/dda-10-gram-oval-silver-coin","DDA 10 Gram Oval Silver Coin in Agra | DDA Silver","false","false","DDA 10 Gram Oval Silver Coin at DDA Silver in Agra. A oval 10 gram DDA silver coin in 99.80% purity, shown with its portrait front and engraved reverse…","DDA 10 Gram Oval Silver Coin","Coin","DDA 10 Gram Oval Silver Coin","DDA-COIN-OVAL-10G","99.80%","","","true","false","1"
"https://www.ddasilver.com/products/dda-10-gram-rectangle-silver-coin","200","https://www.ddasilver.com/products/dda-10-gram-rectangle-silver-coin","DDA 10 Gram Rectangle Silver Coin in Agra | DDA Silver","false","false","DDA 10 Gram Rectangle Silver Coin at DDA Silver in Agra. A 10 gram rectangular DDA silver coin in 99.80% purity, shown with its front and reverse together.","DDA 10 Gram Rectangle Silver Coin","Coin","DDA 10 Gram Rectangle Silver Coin","DDA-COIN-RECTANGLE-10G","99.80%","","","true","false","1"
"https://www.ddasilver.com/products/dda-10-gram-round-ganesha-silver-coin","200","https://www.ddasilver.com/products/dda-10-gram-round-ganesha-silver-coin","DDA 10 Gram Round Ganesha Silver Coin in Agra | DDA Silver","false","false","DDA 10 Gram Round Ganesha Silver Coin at DDA Silver in Agra. A 10 gram round DDA silver coin in 99.80% purity, featuring Ganesha with its branded reverse.","DDA 10 Gram Round Ganesha Silver Coin","Coin","DDA 10 Gram Round Ganesha Silver Coin","DDA-COIN-10G-ROUND-GANESHA","99.80%","","","true","false","1"
"https://www.ddasilver.com/products/dda-10-gram-round-guru-nanak-silver-coin","200","https://www.ddasilver.com/products/dda-10-gram-round-guru-nanak-silver-coin","DDA 10 Gram Round Guru Nanak Silver Coin in Agra | DDA Silver","false","false","DDA 10 Gram Round Guru Nanak Silver Coin at DDA Silver in Agra. A 10 gram round DDA silver coin in 99.80% purity, featuring Guru Nanak with its branded reverse.","DDA 10 Gram Round Guru Nanak Silver Coin","Coin","DDA 10 Gram Round Guru Nanak Silver Coin","DDA-COIN-10G-ROUND-GURU-NANAK","99.80%","","","true","false","1"
"https://www.ddasilver.com/products/dda-10-gram-round-hanuman-silver-coin","200","https://www.ddasilver.com/products/dda-10-gram-round-hanuman-silver-coin","DDA 10 Gram Round Hanuman Silver Coin in Agra | DDA Silver","false","false","DDA 10 Gram Round Hanuman Silver Coin at DDA Silver in Agra. A 10 gram round DDA silver coin in 99.80% purity, featuring Hanuman with its branded reverse.","DDA 10 Gram Round Hanuman Silver Coin","Coin","DDA 10 Gram Round Hanuman Silver Coin","DDA-COIN-10G-ROUND-HANUMAN","99.80%","","","true","false","1"
"https://www.ddasilver.com/products/dda-10-gram-round-mahavir-silver-coin","200","https://www.ddasilver.com/products/dda-10-gram-round-mahavir-silver-coin","DDA 10 Gram Round Mahavir Silver Coin in Agra | DDA Silver","false","false","DDA 10 Gram Round Mahavir Silver Coin at DDA Silver in Agra. A 10 gram round DDA silver coin in 99.80% purity, featuring Mahavir with its branded reverse.","DDA 10 Gram Round Mahavir Silver Coin","Coin","DDA 10 Gram Round Mahavir Silver Coin","DDA-COIN-10G-ROUND-MAHAVIR","99.80%","","","true","false","1"
"https://www.ddasilver.com/products/dda-10-gram-round-seated-shiva-silver-coin","200","https://www.ddasilver.com/products/dda-10-gram-round-seated-shiva-silver-coin","DDA 10 Gram Round Seated Shiva Silver Coin in… | DDA Silver","false","true","DDA 10 Gram Round Seated Shiva Silver Coin at DDA Silver in Agra. A 10 gram round DDA silver coin in 99.80% purity, featuring a seated Shiva design with its…","DDA 10 Gram Round Seated Shiva Silver Coin","Coin","DDA 10 Gram Round Seated Shiva Silver Coin","DDA-COIN-10G-ROUND-SEATED-SHIVA","99.80%","","","true","false","1"
"https://www.ddasilver.com/products/dda-10-gram-round-shiva-parvati-silver-coin","200","https://www.ddasilver.com/products/dda-10-gram-round-shiva-parvati-silver-coin","DDA 10 Gram Round Shiva Parvati Silver Coin in… | DDA Silver","false","true","DDA 10 Gram Round Shiva Parvati Silver Coin at DDA Silver in Agra. A 10 gram round DDA silver coin in 99.80% purity, featuring Shiva and Parvati with its…","DDA 10 Gram Round Shiva Parvati Silver Coin","Coin","DDA 10 Gram Round Shiva Parvati Silver Coin","DDA-COIN-10G-ROUND-SHIVA-PARVATI","99.80%","","","true","false","1"
"https://www.ddasilver.com/products/dda-10-gram-round-tree-of-life-silver-coin","200","https://www.ddasilver.com/products/dda-10-gram-round-tree-of-life-silver-coin","DDA 10 Gram Round Tree of Life Silver Coin in… | DDA Silver","false","true","DDA 10 Gram Round Tree of Life Silver Coin at DDA Silver in Agra. A 10 gram round DDA silver coin in 99.80% purity, featuring a Tree of Life design with its…","DDA 10 Gram Round Tree of Life Silver Coin","Coin","DDA 10 Gram Round Tree of Life Silver Coin","DDA-COIN-10G-ROUND-TREE-OF-LIFE","99.80%","","","true","false","1"
"https://www.ddasilver.com/products/dda-10-gram-silver-coin","200","https://www.ddasilver.com/products/dda-10-gram-silver-coin","DDA 10 Gram Silver Coin in Agra | DDA Silver","false","false","DDA 10 Gram Silver Coin at DDA Silver in Agra. A round 10 gram DDA silver coin in 99.80% purity, shown with its portrait front and engraved reverse together.","DDA 10 Gram Silver Coin","Coin","DDA 10 Gram Silver Coin","DDA-COIN-10G","99.80%","","","true","false","1"
"https://www.ddasilver.com/products/dda-10-gram-square-lakshmi-ganesh-silver-coin","200","https://www.ddasilver.com/products/dda-10-gram-square-lakshmi-ganesh-silver-coin","DDA 10 Gram Square Lakshmi Ganesh Silver Coin… | DDA Silver","false","true","DDA 10 Gram Square Lakshmi Ganesh Silver Coin at DDA Silver in Agra. A 10 gram square DDA silver coin in 99.80% purity, featuring Lakshmi and Ganesh on the…","DDA 10 Gram Square Lakshmi Ganesh Silver Coin","Coin","DDA 10 Gram Square Lakshmi Ganesh Silver Coin","DDA-COIN-10G-SQUARE-LAKSHMI-GANESH","99.80%","","","true","false","1"
"https://www.ddasilver.com/products/dda-100-gram-lakshmi-ganesh-silver-coin","200","https://www.ddasilver.com/products/dda-100-gram-lakshmi-ganesh-silver-coin","DDA 100 Gram Lakshmi Ganesh Silver Coin in Agra | DDA Silver","false","false","DDA 100 Gram Lakshmi Ganesh Silver Coin at DDA Silver in Agra. A 100 gram round DDA silver coin in 99.80% purity featuring Lakshmi and Ganesh, shown with its…","DDA 100 Gram Lakshmi Ganesh Silver Coin","Coin","DDA 100 Gram Lakshmi Ganesh Silver Coin","DDA-COIN-LAKSHMI-GANESH-100G","99.80%","","","true","false","1"
"https://www.ddasilver.com/products/dda-100-gram-oval-silver-coin","200","https://www.ddasilver.com/products/dda-100-gram-oval-silver-coin","DDA 100 Gram Oval Silver Coin in Agra | DDA Silver","false","false","DDA 100 Gram Oval Silver Coin at DDA Silver in Agra. A oval 100 gram DDA silver coin in 99.80% purity, shown with its portrait front and engraved reverse…","DDA 100 Gram Oval Silver Coin","Coin","DDA 100 Gram Oval Silver Coin","DDA-COIN-OVAL-100G","99.80%","","","true","false","1"
"https://www.ddasilver.com/products/dda-100-gram-rectangle-silver-coin","200","https://www.ddasilver.com/products/dda-100-gram-rectangle-silver-coin","DDA 100 Gram Rectangle Silver Coin in Agra | DDA Silver","false","false","DDA 100 Gram Rectangle Silver Coin at DDA Silver in Agra. A 100 gram rectangular DDA silver coin in 99.80% purity, shown with its front and reverse together.","DDA 100 Gram Rectangle Silver Coin","Coin","DDA 100 Gram Rectangle Silver Coin","DDA-COIN-RECTANGLE-100G","99.80%","","","true","false","1"
"https://www.ddasilver.com/products/dda-100-gram-silver-coin","200","https://www.ddasilver.com/products/dda-100-gram-silver-coin","DDA 100 Gram Silver Coin in Agra | DDA Silver","false","false","DDA 100 Gram Silver Coin at DDA Silver in Agra. A round 100 gram DDA silver coin in 99.80% purity, shown with its portrait front and engraved reverse together.","DDA 100 Gram Silver Coin","Coin","DDA 100 Gram Silver Coin","DDA-COIN-100G","99.80%","","","true","false","1"
"https://www.ddasilver.com/products/dda-1000-gram-rectangle-silver-coin","200","https://www.ddasilver.com/products/dda-1000-gram-rectangle-silver-coin","DDA 1000 Gram Rectangle Silver Coin in Agra | DDA Silver","false","false","DDA 1000 Gram Rectangle Silver Coin at DDA Silver in Agra. A 1000 gram rectangular DDA silver coin in 99.80% purity, shown with its front and reverse together.","DDA 1000 Gram Rectangle Silver Coin","Coin","DDA 1000 Gram Rectangle Silver Coin","DDA-COIN-RECTANGLE-1000G","99.80%","","","true","false","1"
"https://www.ddasilver.com/products/dda-20-gram-lakshmi-ganesh-silver-coin","200","https://www.ddasilver.com/products/dda-20-gram-lakshmi-ganesh-silver-coin","DDA 20 Gram Lakshmi Ganesh Silver Coin in Agra | DDA Silver","false","false","DDA 20 Gram Lakshmi Ganesh Silver Coin at DDA Silver in Agra. A 20 gram round DDA silver coin in 99.80% purity featuring Lakshmi and Ganesh, shown with its…","DDA 20 Gram Lakshmi Ganesh Silver Coin","Coin","DDA 20 Gram Lakshmi Ganesh Silver Coin","DDA-COIN-LAKSHMI-GANESH-20G","99.80%","","","true","false","1"
"https://www.ddasilver.com/products/dda-20-gram-oval-silver-coin","200","https://www.ddasilver.com/products/dda-20-gram-oval-silver-coin","DDA 20 Gram Oval Silver Coin in Agra | DDA Silver","false","false","DDA 20 Gram Oval Silver Coin at DDA Silver in Agra. A oval 20 gram DDA silver coin in 99.80% purity, shown with its portrait front and engraved reverse…","DDA 20 Gram Oval Silver Coin","Coin","DDA 20 Gram Oval Silver Coin","DDA-COIN-OVAL-20G","99.80%","","","true","false","1"
"https://www.ddasilver.com/products/dda-20-gram-rectangle-silver-coin","200","https://www.ddasilver.com/products/dda-20-gram-rectangle-silver-coin","DDA 20 Gram Rectangle Silver Coin in Agra | DDA Silver","false","false","DDA 20 Gram Rectangle Silver Coin at DDA Silver in Agra. A 20 gram rectangular DDA silver coin in 99.80% purity, shown with its front and reverse together.","DDA 20 Gram Rectangle Silver Coin","Coin","DDA 20 Gram Rectangle Silver Coin","DDA-COIN-RECTANGLE-20G","99.80%","","","true","false","1"
"https://www.ddasilver.com/products/dda-20-gram-silver-coin","200","https://www.ddasilver.com/products/dda-20-gram-silver-coin","DDA 20 Gram Silver Coin in Agra | DDA Silver","false","false","DDA 20 Gram Silver Coin at DDA Silver in Agra. A round 20 gram DDA silver coin in 99.80% purity, shown with its portrait front and engraved reverse together.","DDA 20 Gram Silver Coin","Coin","DDA 20 Gram Silver Coin","DDA-COIN-20G","99.80%","","","true","false","1"
"https://www.ddasilver.com/products/dda-25-gram-oval-silver-coin","200","https://www.ddasilver.com/products/dda-25-gram-oval-silver-coin","DDA 25 Gram Oval Silver Coin in Agra | DDA Silver","false","false","DDA 25 Gram Oval Silver Coin at DDA Silver in Agra. A oval 25 gram DDA silver coin in 99.80% purity, shown with its portrait front and engraved reverse…","DDA 25 Gram Oval Silver Coin","Coin","DDA 25 Gram Oval Silver Coin","DDA-COIN-OVAL-25G","99.80%","","","true","false","1"
"https://www.ddasilver.com/products/dda-250-gram-lakshmi-ganesh-silver-coin","200","https://www.ddasilver.com/products/dda-250-gram-lakshmi-ganesh-silver-coin","DDA 250 Gram Lakshmi Ganesh Silver Coin in Agra | DDA Silver","false","false","DDA 250 Gram Lakshmi Ganesh Silver Coin at DDA Silver in Agra. A 250 gram round DDA silver coin in 99.80% purity featuring Lakshmi and Ganesh, shown with its…","DDA 250 Gram Lakshmi Ganesh Silver Coin","Coin","DDA 250 Gram Lakshmi Ganesh Silver Coin","DDA-COIN-LAKSHMI-GANESH-250G","99.80%","","","true","false","1"
"https://www.ddasilver.com/products/dda-250-gram-rectangle-silver-coin","200","https://www.ddasilver.com/products/dda-250-gram-rectangle-silver-coin","DDA 250 Gram Rectangle Silver Coin in Agra | DDA Silver","false","false","DDA 250 Gram Rectangle Silver Coin at DDA Silver in Agra. A 250 gram rectangular DDA silver coin in 99.80% purity, shown with its front and reverse together.","DDA 250 Gram Rectangle Silver Coin","Coin","DDA 250 Gram Rectangle Silver Coin","DDA-COIN-RECTANGLE-250G","99.80%","","","true","false","1"
"https://www.ddasilver.com/products/dda-250-gram-silver-coin","200","https://www.ddasilver.com/products/dda-250-gram-silver-coin","DDA 250 Gram Silver Coin in Agra | DDA Silver","false","false","DDA 250 Gram Silver Coin at DDA Silver in Agra. A round 250 gram DDA silver coin in 99.80% purity, shown with its portrait front and engraved reverse together.","DDA 250 Gram Silver Coin","Coin","DDA 250 Gram Silver Coin","DDA-COIN-250G","99.80%","","","true","false","1"
"https://www.ddasilver.com/products/dda-50-gram-lakshmi-ganesh-silver-coin","200","https://www.ddasilver.com/products/dda-50-gram-lakshmi-ganesh-silver-coin","DDA 50 Gram Lakshmi Ganesh Silver Coin in Agra | DDA Silver","false","false","DDA 50 Gram Lakshmi Ganesh Silver Coin at DDA Silver in Agra. A 50 gram round DDA silver coin in 99.80% purity featuring Lakshmi and Ganesh, shown with its…","DDA 50 Gram Lakshmi Ganesh Silver Coin","Coin","DDA 50 Gram Lakshmi Ganesh Silver Coin","DDA-COIN-LAKSHMI-GANESH-50G","99.80%","","","true","false","1"
"https://www.ddasilver.com/products/dda-50-gram-oval-silver-coin","200","https://www.ddasilver.com/products/dda-50-gram-oval-silver-coin","DDA 50 Gram Oval Silver Coin in Agra | DDA Silver","false","false","DDA 50 Gram Oval Silver Coin at DDA Silver in Agra. A oval 50 gram DDA silver coin in 99.80% purity, shown with its portrait front and engraved reverse…","DDA 50 Gram Oval Silver Coin","Coin","DDA 50 Gram Oval Silver Coin","DDA-COIN-OVAL-50G","99.80%","","","true","false","1"
"https://www.ddasilver.com/products/dda-50-gram-rectangle-silver-coin","200","https://www.ddasilver.com/products/dda-50-gram-rectangle-silver-coin","DDA 50 Gram Rectangle Silver Coin in Agra | DDA Silver","false","false","DDA 50 Gram Rectangle Silver Coin at DDA Silver in Agra. A 50 gram rectangular DDA silver coin in 99.80% purity, shown with its front and reverse together.","DDA 50 Gram Rectangle Silver Coin","Coin","DDA 50 Gram Rectangle Silver Coin","DDA-COIN-RECTANGLE-50G","99.80%","","","true","false","1"
"https://www.ddasilver.com/products/dda-50-gram-silver-coin","200","https://www.ddasilver.com/products/dda-50-gram-silver-coin","DDA 50 Gram Silver Coin in Agra | DDA Silver","false","false","DDA 50 Gram Silver Coin at DDA Silver in Agra. A round 50 gram DDA silver coin in 99.80% purity, shown with its portrait front and engraved reverse together.","DDA 50 Gram Silver Coin","Coin","DDA 50 Gram Silver Coin","DDA-COIN-50G","99.80%","","","true","false","1"
"https://www.ddasilver.com/products/dda-500-gram-rectangle-silver-coin","200","https://www.ddasilver.com/products/dda-500-gram-rectangle-silver-coin","DDA 500 Gram Rectangle Silver Coin in Agra | DDA Silver","false","false","DDA 500 Gram Rectangle Silver Coin at DDA Silver in Agra. A 500 gram rectangular DDA silver coin in 99.80% purity, shown with its front and reverse together.","DDA 500 Gram Rectangle Silver Coin","Coin","DDA 500 Gram Rectangle Silver Coin","DDA-COIN-RECTANGLE-500G","99.80%","","","true","false","1"
"https://www.ddasilver.com/products/deep-concentric-line-silver-plate","200","https://www.ddasilver.com/products/deep-concentric-line-silver-plate","Deep Concentric-Line Silver Plate in Agra | DDA Silver","false","false","Deep Concentric-Line Silver Plate at DDA Silver in Agra. Deep Concentric-Line Silver Plate in 99.80% pure silver, featuring a deeper plate profile and…","Deep Concentric-Line Silver Plate","Utensils","Deep Concentric-Line Silver Plate","DDA-UT-PL-45","99.80%","125 g","Diameter: 6 in","false","false","1"
"https://www.ddasilver.com/products/deep-silver-bowl","200","https://www.ddasilver.com/products/deep-silver-bowl","Deep Silver Bowl in Agra | DDA Silver","false","false","Deep Silver Bowl at DDA Silver in Agra. A deep-profile bowl in confirmed 99.80% pure silver, with a supplied weight of 70 g and diameter of 5 in.","Deep Silver Bowl","Utensils","Deep Silver Bowl","","99.80%","70 g","Diameter: 5 in","false","true","1"
"https://www.ddasilver.com/products/deep-straight-sided-silver-bowl","200","https://www.ddasilver.com/products/deep-straight-sided-silver-bowl","Deep Straight-Sided Silver Bowl in Agra | DDA Silver","false","false","Deep Straight-Sided Silver Bowl at DDA Silver in Agra. A deep straight-sided bowl in confirmed 99.80% pure silver, with a supplied weight of 60 g and diameter…","Deep Straight-Sided Silver Bowl","Utensils","Deep Straight-Sided Silver Bowl","","99.80%","60 g","Diameter: 3.5 in","false","true","1"
"https://www.ddasilver.com/products/deer-pair-silver-sculptures","200","https://www.ddasilver.com/products/deer-pair-silver-sculptures","Deer Pair Silver Sculptures in Agra | DDA Silver","false","false","Deer Pair Silver Sculptures at DDA Silver in Agra. A pair of silver deer sculptures in standing and resting poses. Weight: 55 g. Height: 2.5 in. Purity: 92.5%.","Deer Pair Silver Sculptures","Gifts","Deer Pair Silver Sculptures","DDA-GF-PICS-32","92.5%","55 g","Height: 2.5 in","false","false","1"
"https://www.ddasilver.com/products/devotional-scene-topper-silver-sindoor-dani","200","https://www.ddasilver.com/products/devotional-scene-topper-silver-sindoor-dani","Devotional Scene Topper Silver Sindoor Dani in… | DDA Silver","false","true","Devotional Scene Topper Silver Sindoor Dani at DDA Silver in Agra. A cylindrical 92.5% silver Sindoor Dani with devotional reliefs, jeweled details and seated…","Devotional Scene Topper Silver Sindoor Dani","Gifts","Devotional Scene Topper Silver Sindoor Dani","SD-02","92.5%","130 g","Height: 3 in","false","false","1"
"https://www.ddasilver.com/products/domed-enamel-octagonal-silver-box","200","https://www.ddasilver.com/products/domed-enamel-octagonal-silver-box","Domed Enamel Octagonal Silver Box in Agra | DDA Silver","false","false","Domed Enamel Octagonal Silver Box at DDA Silver in Agra. A domed octagonal silver box with gold ribs and pink-green floral finial. Weight: 240 g. Supplied…","Domed Enamel Octagonal Silver Box","Gifts","Domed Enamel Octagonal Silver Box","DDA-GF-PICS-44","92.5%","240 g","Width: 4 in | Depth: 4 in","false","false","1"
"https://www.ddasilver.com/products/domed-mandap-silver-jhula","200","https://www.ddasilver.com/products/domed-mandap-silver-jhula","Domed Mandap Silver Jhula in Agra | DDA Silver","false","false","Domed Mandap Silver Jhula at DDA Silver in Agra. An architectural 92.5% silver domed jhula weighing 2850 g, with a 7 × 5 inch singhasan measured left-to-right…","Domed Mandap Silver Jhula","Jhula","Domed Mandap Silver Jhula","JH-08","92.5%","2850 g","Singhasan dimensions: 7 × 5 in","false","false","1"
"https://www.ddasilver.com/products/domed-single-chamber-silver-hatri","200","https://www.ddasilver.com/products/domed-single-chamber-silver-hatri","Domed Single-Chamber Silver Hatri in Agra | DDA Silver","false","false","Domed Single-Chamber Silver Hatri at DDA Silver in Agra. A single-chamber house-shaped silver Hatri with a domed roof, flag and ritual cups for Diwali puja…","Domed Single-Chamber Silver Hatri","Gifts","Domed Single-Chamber Silver Hatri","DDA-GF-PICS-15","92.5%","450 g","Height: 22 in","false","false","1"
"https://www.ddasilver.com/products/double-band-silver-jug","200","https://www.ddasilver.com/products/double-band-silver-jug","Double-Band Silver Jug in Agra | DDA Silver","false","false","Double-Band Silver Jug at DDA Silver in Agra. Double-Band Silver Jug in 99.80% pure silver, featuring a straight-sided body, double polished bands and sturdy…","Double-Band Silver Jug","Utensils","Double-Band Silver Jug","DDA-UT-JG-71","99.80%","200 g","Height: 5.5 in","false","false","1"
"https://www.ddasilver.com/products/double-band-silver-tumbler","200","https://www.ddasilver.com/products/double-band-silver-tumbler","Double-Band Silver Glass in Agra | DDA Silver","false","false","Double-Band Silver Glass at DDA Silver in Agra. A double-band glass in confirmed 99.80% pure silver, with a supplied weight of 20 g and height of 2 in.","Double-Band Silver Glass","Utensils","Double-Band Silver Glass","","99.80%","20 g","Height: 2 in","false","true","1"
"https://www.ddasilver.com/products/double-line-mini-silver-bowl","200","https://www.ddasilver.com/products/double-line-mini-silver-bowl","Double-Line Mini Silver Bowl in Agra | DDA Silver","false","false","Double-Line Mini Silver Bowl at DDA Silver in Agra. A double-line mini bowl in confirmed 99.80% pure silver, with a supplied weight of 20 g and diameter of…","Double-Line Mini Silver Bowl","Utensils","Double-Line Mini Silver Bowl","","99.80%","20 g","Diameter: 2.5 in","false","true","1"
"https://www.ddasilver.com/products/durga-on-lion-round-silver-coin-10g","200","https://www.ddasilver.com/products/durga-on-lion-round-silver-coin-10g","DDA 10 Gram Durga on Lion Round Silver Coin in… | DDA Silver","false","true","DDA 10 Gram Durga on Lion Round Silver Coin at DDA Silver in Agra. A 10 gram silver piece featuring Durga riding a lion with a decorative reverse…","DDA 10 Gram Durga on Lion Round Silver Coin","Coin","DDA 10 Gram Durga on Lion Round Silver Coin","DDA-COIN-20260822-040","99.80%","10 g","","false","false","1"
"https://www.ddasilver.com/products/durga-silver-idol-lion-arched-halo","200","https://www.ddasilver.com/products/durga-silver-idol-lion-arched-halo","Durga Silver Idol on Lion with Arched Halo in… | DDA Silver","false","true","Durga Silver Idol on Lion with Arched Halo at DDA Silver in Agra. A hollow 99.80% pure silver Durga idol riding a lion beneath a crowned arch, with a bright…","HM-DG-7 — Durga Silver Idol on Lion with Arched Halo","Idols","Durga Silver Idol on Lion with Arched Halo","HM-DG-7","99.80%","80 g","Height: 5.5 in","false","false","1"
"https://www.ddasilver.com/products/durga-silver-idol-lion-golden-highlights-large","200","https://www.ddasilver.com/products/durga-silver-idol-lion-golden-highlights-large","Durga Silver Idol on Lion with Golden… | DDA Silver","false","true","Durga Silver Idol on Lion with Golden Highlights at DDA Silver in Agra. A large hollow 99.80% pure silver Durga idol seated on a lion with gold-toned weapon…","HM-DG-4 — Durga Silver Idol on Lion with Golden Highlights","Idols","Durga Silver Idol on Lion with Golden Highlights","HM-DG-4","99.80%","450 g","Height: 8.5 in","false","false","1"
"https://www.ddasilver.com/products/durga-silver-idol-tiger-decorative-arch","200","https://www.ddasilver.com/products/durga-silver-idol-tiger-decorative-arch","Durga Silver Idol on Tiger beneath Decorative… | DDA Silver","false","true","Durga Silver Idol on Tiger beneath Decorative Arch at DDA Silver in Agra. A hollow 99.80% pure silver multi-arm Durga idol seated on a tiger beneath a…","HM-DG-2 — Durga Silver Idol on Tiger beneath Decorative Arch","Idols","Durga Silver Idol on Tiger beneath Decorative Arch","HM-DG-2","99.80%","265 g","Height: 7.5 in","false","false","1"
"https://www.ddasilver.com/products/eagle-in-flight-silver-sculpture","200","https://www.ddasilver.com/products/eagle-in-flight-silver-sculpture","Eagle-in-Flight Silver Sculpture in Agra | DDA Silver","false","false","Eagle-in-Flight Silver Sculpture at DDA Silver in Agra. A silver eagle sculpture captured in flight above a textured branch base. Weight: 60 g. Height: 2.5…","Eagle-in-Flight Silver Sculpture","Gifts","Eagle-in-Flight Silver Sculpture","DDA-GF-PICS-30","92.5%","60 g","Height: 2.5 in","false","false","1"
"https://www.ddasilver.com/products/elephant-arch-lakshmi-ganesha-silver-idols","200","https://www.ddasilver.com/products/elephant-arch-lakshmi-ganesha-silver-idols","Elephant Arch Lakshmi Ganesha Silver Idols in… | DDA Silver","false","true","Elephant Arch Lakshmi Ganesha Silver Idols at DDA Silver in Agra. A semi-solid 92.5% silver Lakshmi Ganesha pair on elephant-supported arches with purple…","Elephant Arch Lakshmi Ganesha Silver Idols","Idols","Elephant Arch Lakshmi Ganesha Silver Idols","SSM-LG-5","92.5%","250 g","Height: 3 in","false","false","1"
"https://www.ddasilver.com/products/elephant-floral-pink-fringe-silver-purse","200","https://www.ddasilver.com/products/elephant-floral-pink-fringe-silver-purse","Elephant Floral Pink Fringe Silver Purse in Agra | DDA Silver","false","false","Elephant Floral Pink Fringe Silver Purse at DDA Silver in Agra. A handled 92.5% silver purse with elephant and floral decoration, yellow accents and hanging…","Elephant Floral Pink Fringe Silver Purse","Purse","Elephant Floral Pink Fringe Silver Purse","PR-20","92.5%","400 g","","false","false","1"
"https://www.ddasilver.com/products/elephant-floral-rectangular-silver-box","200","https://www.ddasilver.com/products/elephant-floral-rectangular-silver-box","Elephant-Floral Rectangular Silver Box in Agra | DDA Silver","false","false","Elephant-Floral Rectangular Silver Box at DDA Silver in Agra. A rectangular footed silver box with elephant and floral relief decoration. Weight: 980 g…","Elephant-Floral Rectangular Silver Box","Gifts","Elephant-Floral Rectangular Silver Box","DDA-GF-PICS-63","92.5%","980 g","Width: 7 in | Depth: 5 in","false","false","1"
"https://www.ddasilver.com/products/elephant-floral-silver-purse-390g","200","https://www.ddasilver.com/products/elephant-floral-silver-purse-390g","Elephant and Floral Silver Purse in Agra | DDA Silver","false","false","Elephant and Floral Silver Purse at DDA Silver in Agra. An elegant 92.5% silver purse featuring elephant reliefs, scrolling floral openwork, a green stone…","PR-13 — Elephant and Floral Silver Purse","Purse","Elephant and Floral Silver Purse","PR-13","92.5%","390 g","","false","false","1"
"https://www.ddasilver.com/products/elephant-foot-twin-peacock-silver-jhula","200","https://www.ddasilver.com/products/elephant-foot-twin-peacock-silver-jhula","Elephant Foot Twin Peacock Silver Jhula in Agra | DDA Silver","false","false","Elephant Foot Twin Peacock Silver Jhula at DDA Silver in Agra. An ornate silver jhula weighing 2,629 g, with elephant-form feet, a twin-peacock back, floral…","Elephant Foot Twin Peacock Silver Jhula","Jhula","Elephant Foot Twin Peacock Silver Jhula","JH-11","92.5%","2629 g","Singhasan dimensions: 7 × 5 in","false","false","2"
"https://www.ddasilver.com/products/elephant-peacock-floral-silver-clutch-purse","200","https://www.ddasilver.com/products/elephant-peacock-floral-silver-clutch-purse","Elephant-and-Peacock Floral Silver Clutch… | DDA Silver","false","true","Elephant-and-Peacock Floral Silver Clutch Purse at DDA Silver in Agra. A low rectangular silver clutch weighing 370 g, with central elephant relief, paired…","Elephant-and-Peacock Floral Silver Clutch Purse","Purse","Elephant-and-Peacock Floral Silver Clutch Purse","PR-25","92.5%","370 g","","false","false","1"
"https://www.ddasilver.com/products/eleven-inch-concentric-line-silver-plate","200","https://www.ddasilver.com/products/eleven-inch-concentric-line-silver-plate","Eleven-Inch Concentric-Line Silver Plate in Agra | DDA Silver","false","false","Eleven-Inch Concentric-Line Silver Plate at DDA Silver in Agra. Eleven-Inch Concentric-Line Silver Plate in 99.80% pure silver, featuring a substantial round…","Eleven-Inch Concentric-Line Silver Plate","Utensils","Eleven-Inch Concentric-Line Silver Plate","DDA-UT-PL-50","99.80%","400 g","Diameter: 11 in","false","false","1"
"https://www.ddasilver.com/products/embossed-ceremonial-silver-gada","200","https://www.ddasilver.com/products/embossed-ceremonial-silver-gada","Embossed Ceremonial Silver Gada in Agra | DDA Silver","false","false","Embossed Ceremonial Silver Gada at DDA Silver in Agra. A large ceremonial silver gada with embossed shaft, fluted head and pointed finial. Weight: 640 g…","Embossed Ceremonial Silver Gada","Gifts","Embossed Ceremonial Silver Gada","DDA-GF-PICS-35","92.5%","640 g","Height: 23 in","false","false","1"
"https://www.ddasilver.com/products/embossed-floral-silver-handbag-390g","200","https://www.ddasilver.com/products/embossed-floral-silver-handbag-390g","Embossed Floral Silver Handbag in Agra | DDA Silver","false","false","Embossed Floral Silver Handbag at DDA Silver in Agra. A classic 92.5% silver handbag covered in deep scrolling floral relief, finished with a sculpted round…","PR-8 — Embossed Floral Silver Handbag","Purse","Embossed Floral Silver Handbag","PR-8","92.5%","390 g","","false","false","1"
"https://www.ddasilver.com/products/enamel-birds-pearl-fringe-silver-shoulder-purse","200","https://www.ddasilver.com/products/enamel-birds-pearl-fringe-silver-shoulder-purse","Enamel Birds Pearl-Fringe Silver Shoulder… | DDA Silver","false","true","Enamel Birds Pearl-Fringe Silver Shoulder Purse at DDA Silver in Agra. An ornate silver shoulder purse weighing 415 g, with enamel birds, gold flowers, pearl…","Enamel Birds Pearl-Fringe Silver Shoulder Purse","Purse","Enamel Birds Pearl-Fringe Silver Shoulder Purse","PR-30","92.5%","415 g","","false","false","1"
"https://www.ddasilver.com/products/enamel-floral-fan-shaped-silver-box","200","https://www.ddasilver.com/products/enamel-floral-fan-shaped-silver-box","Enamel Floral Fan-Shaped Silver Box in Agra | DDA Silver","false","false","Enamel Floral Fan-Shaped Silver Box at DDA Silver in Agra. A fan-shaped silver box with scalloped relief and multicolour enamel floral panel. Weight: 900 g…","Enamel Floral Fan-Shaped Silver Box","Gifts","Enamel Floral Fan-Shaped Silver Box","DDA-GF-PICS-64","92.5%","900 g","Width: 5.5 in | Depth: 6 in","false","false","1"
"https://www.ddasilver.com/products/enamel-floral-hammered-silver-box","200","https://www.ddasilver.com/products/enamel-floral-hammered-silver-box","Enamel Floral Hammered Silver Box in Agra | DDA Silver","false","false","Enamel Floral Hammered Silver Box at DDA Silver in Agra. A rounded rectangular hammered silver box with pink and green enamel flowers. Weight: 600 g. Supplied…","Enamel Floral Hammered Silver Box","Gifts","Enamel Floral Hammered Silver Box","DDA-GF-PICS-49","92.5%","600 g","Width: 8 in | Depth: 5 in","false","false","1"
"https://www.ddasilver.com/products/enamel-floral-octagonal-silver-box","200","https://www.ddasilver.com/products/enamel-floral-octagonal-silver-box","Enamel Floral Octagonal Silver Box in Agra | DDA Silver","false","false","Enamel Floral Octagonal Silver Box at DDA Silver in Agra. An octagonal embossed silver box with gold floral details and pink-green enamel accents. Weight: 250…","Enamel Floral Octagonal Silver Box","Gifts","Enamel Floral Octagonal Silver Box","DDA-GF-PICS-42","92.5%","250 g","Width: 3.5 in | Depth: 3.5 in","false","false","1"
"https://www.ddasilver.com/products/enamel-floral-puja-thali-set","200","https://www.ddasilver.com/products/enamel-floral-puja-thali-set","Enamel Floral Puja Thali Set in Agra | DDA Silver","false","false","Enamel Floral Puja Thali Set at DDA Silver in Agra. A silver puja thali with multicolour enamel floral border, kalash, bowl and lidded rectangular box…","Enamel Floral Puja Thali Set","Utensils","Enamel Floral Puja Thali Set","DDA-UT-PT-6","92.5%","975 g","Diameter: 12 in","false","false","1"
"https://www.ddasilver.com/products/enamel-floral-rectangular-silver-box","200","https://www.ddasilver.com/products/enamel-floral-rectangular-silver-box","Enamel Floral Rectangular Silver Box in Agra | DDA Silver","false","false","Enamel Floral Rectangular Silver Box at DDA Silver in Agra. A large rectangular stepped silver box with a colourful enamel floral lid. Weight: 935 g. Supplied…","Enamel Floral Rectangular Silver Box","Gifts","Enamel Floral Rectangular Silver Box","DDA-GF-PICS-46","92.5%","935 g","Width: 7 in | Depth: 4 in","false","false","1"
"https://www.ddasilver.com/products/enamel-peacock-elephant-silver-bottle","200","https://www.ddasilver.com/products/enamel-peacock-elephant-silver-bottle","Enamel Peacock-and-Elephant Silver Bottle in… | DDA Silver","false","true","Enamel Peacock-and-Elephant Silver Bottle at DDA Silver in Agra. A silver bottle weighing 360 g and standing 10 in high, with multicolour enamel peacocks…","Enamel Peacock-and-Elephant Silver Bottle","Utensils","Enamel Peacock-and-Elephant Silver Bottle","DDA-UT-BT-108","92.5%","360 g","Height: 10 in","false","false","1"
"https://www.ddasilver.com/products/enamel-peacock-silver-sculpture","200","https://www.ddasilver.com/products/enamel-peacock-silver-sculpture","Enamel Peacock Silver Sculpture in Agra | DDA Silver","false","false","Enamel Peacock Silver Sculpture at DDA Silver in Agra. A silver peacock sculpture with blue body, green enamel tail and pink-accented base. Weight: 767 g…","Enamel Peacock Silver Sculpture","Gifts","Enamel Peacock Silver Sculpture","DDA-GF-PICS-28","92.5%","767 g","Height: 11 in","false","false","1"
"https://www.ddasilver.com/products/engraved-vine-six-glass-silver-lemon-set","200","https://www.ddasilver.com/products/engraved-vine-six-glass-silver-lemon-set","Engraved Vine Six-Glass Silver Lemon Set in Agra | DDA Silver","false","false","Engraved Vine Six-Glass Silver Lemon Set at DDA Silver in Agra. A seven-piece 92.5% silver lemon set with a lidded jug and six matching glasses, decorated…","Engraved Vine Six-Glass Silver Lemon Set","Utensils","Engraved Vine Six-Glass Silver Lemon Set","DDA-UT-JG-90","92.5%","1000 g","","false","false","1"
"https://www.ddasilver.com/products/engraved-wedding-scroll-holder","200","https://www.ddasilver.com/products/engraved-wedding-scroll-holder","Engraved Wedding Scroll Holder in Agra | DDA Silver","false","false","Engraved Wedding Scroll Holder at DDA Silver in Agra. An engraved silver wedding-card scroll holder mounted horizontally on a decorative pedestal. Weight: 167…","Engraved Wedding Scroll Holder","Gifts","Engraved Wedding Scroll Holder","DDA-GF-PICS-56","92.5%","167 g","Height: 2.5 in | Width: 10 in","false","false","1"
"https://www.ddasilver.com/products/extra-large-concentric-line-silver-plate","200","https://www.ddasilver.com/products/extra-large-concentric-line-silver-plate","Extra-Large Concentric-Line Silver Plate in Agra | DDA Silver","false","false","Extra-Large Concentric-Line Silver Plate at DDA Silver in Agra. Extra-Large Concentric-Line Silver Plate in 99.80% pure silver, featuring an extra-wide plate…","Extra-Large Concentric-Line Silver Plate","Utensils","Extra-Large Concentric-Line Silver Plate","DDA-UT-PL-49","99.80%","300 g","Diameter: 10 in","false","false","1"
"https://www.ddasilver.com/products/faceted-floral-footed-silver-box","200","https://www.ddasilver.com/products/faceted-floral-footed-silver-box","Faceted Floral Footed Silver Box in Agra | DDA Silver","false","false","Faceted Floral Footed Silver Box at DDA Silver in Agra. A small faceted footed silver box with dense floral engraving. Weight: 280 g. Supplied size: 4.5 × 3…","Faceted Floral Footed Silver Box","Gifts","Faceted Floral Footed Silver Box","DDA-GF-PICS-47","92.5%","280 g","Width: 4.5 in | Depth: 3 in","false","false","1"
"https://www.ddasilver.com/products/faceted-leaf-panel-silver-bottle","200","https://www.ddasilver.com/products/faceted-leaf-panel-silver-bottle","Faceted Leaf-Panel Silver Bottle in Agra | DDA Silver","false","false","Faceted Leaf-Panel Silver Bottle at DDA Silver in Agra. A tall silver bottle weighing 550 g and standing 11 in high, with faceted shoulders, leaf-pattern…","Faceted Leaf-Panel Silver Bottle","Utensils","Faceted Leaf-Panel Silver Bottle","DDA-UT-BT-105","92.5%","550 g","Height: 11 in","false","false","1"
"https://www.ddasilver.com/products/fan-petal-enamel-puja-thali-set","200","https://www.ddasilver.com/products/fan-petal-enamel-puja-thali-set","Fan-Petal Enamel Puja Thali Set in Agra | DDA Silver","false","false","Fan-Petal Enamel Puja Thali Set at DDA Silver in Agra. A silver puja thali with multicolour fan-petal enamel, flower clusters, kalash, lidded box and bowl…","Fan-Petal Enamel Puja Thali Set","Utensils","Fan-Petal Enamel Puja Thali Set","DDA-UT-PT-10","92.5%","585 g","Diameter: 9 in","false","false","1"
"https://www.ddasilver.com/products/figurative-silver-clutch-380g","200","https://www.ddasilver.com/products/figurative-silver-clutch-380g","Figurative Silver Clutch in Agra | DDA Silver","false","false","Figurative Silver Clutch at DDA Silver in Agra. A long 92.5% silver clutch with figurative relief panels, floral borders, a dark recessed finish, a tall…","PR-17 — Figurative Silver Clutch","Purse","Figurative Silver Clutch","PR-17","92.5%","380 g","","false","false","1"
"https://www.ddasilver.com/products/fine-band-silver-bowl","200","https://www.ddasilver.com/products/fine-band-silver-bowl","Fine-Band Silver Bowl in Agra | DDA Silver","false","false","Fine-Band Silver Bowl at DDA Silver in Agra. A fine-band bowl in confirmed 99.80% pure silver, with a supplied weight of 40 g and diameter of 3.5 in.","Fine-Band Silver Bowl","Utensils","Fine-Band Silver Bowl","","99.80%","40 g","Diameter: 3.5 in","false","true","1"
"https://www.ddasilver.com/products/fine-line-mini-silver-tumbler","200","https://www.ddasilver.com/products/fine-line-mini-silver-tumbler","Fine-Line Mini Silver Glass in Agra | DDA Silver","false","false","Fine-Line Mini Silver Glass at DDA Silver in Agra. A compact fine-line glass in confirmed 99.80% pure silver, with a supplied weight of 10 g and height of 1.5…","Fine-Line Mini Silver Glass","Utensils","Fine-Line Mini Silver Glass","","99.80%","10 g","Height: 1.5 in","false","true","1"
"https://www.ddasilver.com/products/five-ganesha-silver-idol-set","200","https://www.ddasilver.com/products/five-ganesha-silver-idol-set","Five Ganesha Silver Idol Set in Agra | DDA Silver","false","false","Five Ganesha Silver Idol Set at DDA Silver in Agra. A hollow 99.80% pure silver set of five seated Ganesha idols in complementary devotional poses. Weight…","HM-GN-13 — Five Ganesha Silver Idol Set","Idols","Five Ganesha Silver Idol Set","HM-GN-13","99.80%","105 g","Height: 3 in","false","false","1"
"https://www.ddasilver.com/products/five-inch-rounded-silver-kalash","200","https://www.ddasilver.com/products/five-inch-rounded-silver-kalash","Five-Inch Rounded Silver Kalash in Agra | DDA Silver","false","false","Five-Inch Rounded Silver Kalash at DDA Silver in Agra. Five-Inch Rounded Silver Kalash in 99.80% pure silver, featuring a five-inch rounded body with polished…","Five-Inch Rounded Silver Kalash","Utensils","Five-Inch Rounded Silver Kalash","DDA-UT-KL-86","99.80%","300 g","Height: 5 in","false","false","1"
"https://www.ddasilver.com/products/floral-back-silver-singhasan","200","https://www.ddasilver.com/products/floral-back-silver-singhasan","Floral-Back Silver Singhasan in Agra | DDA Silver","false","false","Floral-Back Silver Singhasan at DDA Silver in Agra. A silver singhasan weighing 650 g, with a tall raised-flower back, engraved seat, perforated curved rails…","Floral-Back Silver Singhasan","Gifts","Floral-Back Silver Singhasan","SG-25","92.5%","650 g","Width: 8 in | Depth: 6 in","false","false","1"
"https://www.ddasilver.com/products/floral-band-six-glass-silver-lemon-set","200","https://www.ddasilver.com/products/floral-band-six-glass-silver-lemon-set","Floral Band Six-Glass Silver Lemon Set in Agra | DDA Silver","false","false","Floral Band Six-Glass Silver Lemon Set at DDA Silver in Agra. A seven-piece 92.5% silver lemon set with a lidded jug and six matching glasses, each finished…","Floral Band Six-Glass Silver Lemon Set","Utensils","Floral Band Six-Glass Silver Lemon Set","DDA-UT-JG-96","92.5%","1425 g","","false","false","1"
"https://www.ddasilver.com/products/floral-butterfly-thali-set-8in-475g","200","https://www.ddasilver.com/products/floral-butterfly-thali-set-8in-475g","DDA 8 Inch Floral Butterfly Pooja Thali Set in… | DDA Silver","false","true","DDA 8 Inch Floral Butterfly Pooja Thali Set at DDA Silver in Agra. A 475 gram, 8-inch Pooja Thali Set in confirmed 92.5% silver with floral-and-butterfly…","DDA 8 Inch Floral Butterfly Pooja Thali Set","Utensils","DDA 8 Inch Floral Butterfly Pooja Thali Set","DDA-UT-PT-2213","92.5%","475 g","Diameter: 8 in","false","false","1"
"https://www.ddasilver.com/products/floral-crystal-knob-silver-sindoor-dani","200","https://www.ddasilver.com/products/floral-crystal-knob-silver-sindoor-dani","Floral Crystal-Knob Silver Sindoor Dani in Agra | DDA Silver","false","false","Floral Crystal-Knob Silver Sindoor Dani at DDA Silver in Agra. A silver Sindoor Dani weighing 50 g, with floral relief, tall lid and crystal-style knob…","Floral Crystal-Knob Silver Sindoor Dani","Gifts","Floral Crystal-Knob Silver Sindoor Dani","SD-16","92.5%","50 g","Height: 4 in | Diameter: 3 in","false","false","1"
"https://www.ddasilver.com/products/floral-engraved-silver-spoon","200","https://www.ddasilver.com/products/floral-engraved-silver-spoon","Floral-Engraved Silver Spoon in Agra | DDA Silver","false","false","Floral-Engraved Silver Spoon at DDA Silver in Agra. A polished floral-engraved spoon in 92.5% pure silver, with a supplied weight of 25 g and height of 5.5 in.","Floral-Engraved Silver Spoon","Utensils","Floral-Engraved Silver Spoon","DDA-UT-SP-37","92.5%","25 g","Height: 5.5 in","false","false","1"
"https://www.ddasilver.com/products/floral-jewel-octagonal-silver-box","200","https://www.ddasilver.com/products/floral-jewel-octagonal-silver-box","Floral-Jewel Octagonal Silver Box in Agra | DDA Silver","false","false","Floral-Jewel Octagonal Silver Box at DDA Silver in Agra. An octagonal embossed silver box with a square floral jewel medallion. Weight: 235 g. Supplied size…","Floral-Jewel Octagonal Silver Box","Gifts","Floral-Jewel Octagonal Silver Box","DDA-GF-PICS-43","92.5%","235 g","Width: 3.5 in | Depth: 3.5 in","false","false","1"
"https://www.ddasilver.com/products/floral-lattice-oval-silver-box","200","https://www.ddasilver.com/products/floral-lattice-oval-silver-box","Floral-Lattice Oval Silver Box in Agra | DDA Silver","false","false","Floral-Lattice Oval Silver Box at DDA Silver in Agra. A large oval silver box with floral and lattice relief across its domed lid. Weight: 565 g. Supplied…","Floral-Lattice Oval Silver Box","Gifts","Floral-Lattice Oval Silver Box","DDA-GF-PICS-48","92.5%","565 g","Width: 8.5 in | Depth: 7 in","false","false","1"
"https://www.ddasilver.com/products/floral-medallion-four-glass-silver-lemon-set","200","https://www.ddasilver.com/products/floral-medallion-four-glass-silver-lemon-set","Floral Medallion Four-Glass Silver Lemon Set… | DDA Silver","false","true","Floral Medallion Four-Glass Silver Lemon Set at DDA Silver in Agra. A five-piece 92.5% silver lemon set with a lidded jug and four matching glasses, finished…","Floral Medallion Four-Glass Silver Lemon Set","Utensils","Floral Medallion Four-Glass Silver Lemon Set","DDA-UT-JG-89","92.5%","900 g","","false","false","1"
"https://www.ddasilver.com/products/floral-openwork-thali-set-8in-225g","200","https://www.ddasilver.com/products/floral-openwork-thali-set-8in-225g","DDA 8 Inch Floral Openwork Pooja Thali Set in… | DDA Silver","false","true","DDA 8 Inch Floral Openwork Pooja Thali Set at DDA Silver in Agra. A 225 gram, 8-inch Pooja Thali Set in confirmed 92.5% silver with an openwork floral tray…","DDA 8 Inch Floral Openwork Pooja Thali Set","Utensils","DDA 8 Inch Floral Openwork Pooja Thali Set","DDA-UT-PT-2204","92.5%","225 g","Diameter: 8 in","false","false","1"
"https://www.ddasilver.com/products/floral-panel-silver-purse-405g","200","https://www.ddasilver.com/products/floral-panel-silver-purse-405g","DDA 405 Gram Floral Panel Silver Purse in Agra | DDA Silver","false","false","DDA 405 Gram Floral Panel Silver Purse at DDA Silver in Agra. A 405 gram purse in confirmed 92.5% silver with dense floral, scalloped, and striped panels with…","DDA 405 Gram Floral Panel Silver Purse","Purse","DDA 405 Gram Floral Panel Silver Purse","PR-2201","92.5%","405 g","","false","false","1"
"https://www.ddasilver.com/products/floral-relief-covered-silver-serving-bowl","200","https://www.ddasilver.com/products/floral-relief-covered-silver-serving-bowl","Floral-Relief Covered Silver Serving Bowl in… | DDA Silver","false","true","Floral-Relief Covered Silver Serving Bowl at DDA Silver in Agra. A large round covered silver serving bowl with floral relief band and clear lid. Weight: 500…","Floral-Relief Covered Silver Serving Bowl","Utensils","Floral-Relief Covered Silver Serving Bowl","DDA-UT-BW-110","92.5%","500 g","Height: 3 in | Diameter: 9 in","false","false","1"
"https://www.ddasilver.com/products/floral-scroll-ghungroo-thali-set-10in-500g","200","https://www.ddasilver.com/products/floral-scroll-ghungroo-thali-set-10in-500g","DDA 10 Inch Floral Scroll Ghungroo Pooja Thali… | DDA Silver","false","true","DDA 10 Inch Floral Scroll Ghungroo Pooja Thali Set at DDA Silver in Agra. A 500 gram, 10-inch Pooja Thali Set in confirmed 92.5% silver with floral…","DDA 10 Inch Floral Scroll Ghungroo Pooja Thali Set","Utensils","DDA 10 Inch Floral Scroll Ghungroo Pooja Thali Set","DDA-UT-PT-2207","92.5%","500 g","Diameter: 10 in","false","false","1"
"https://www.ddasilver.com/products/floral-scroll-leaf-rim-thali-set-11in-950g","200","https://www.ddasilver.com/products/floral-scroll-leaf-rim-thali-set-11in-950g","DDA 11 Inch Floral Scroll Leaf Rim Pooja Thali… | DDA Silver","false","true","DDA 11 Inch Floral Scroll Leaf Rim Pooja Thali Set at DDA Silver in Agra. A 950 gram, 11-inch Pooja Thali Set in confirmed 92.5% silver with dense floral…","DDA 11 Inch Floral Scroll Leaf Rim Pooja Thali Set","Utensils","DDA 11 Inch Floral Scroll Leaf Rim Pooja Thali Set","DDA-UT-PT-2211","92.5%","950 g","Diameter: 11 in","false","false","1"
"https://www.ddasilver.com/products/fluted-floral-bird-handle-four-glass-silver-lemon-set","200","https://www.ddasilver.com/products/fluted-floral-bird-handle-four-glass-silver-lemon-set","Fluted Floral Bird-Handle Four-Glass Silver… | DDA Silver","false","true","Fluted Floral Bird-Handle Four-Glass Silver Lemon Set at DDA Silver in Agra. A five-piece 92.5% silver lemon set with a sculptural bird-handle ewer and four…","Fluted Floral Bird-Handle Four-Glass Silver Lemon Set","Utensils","Fluted Floral Bird-Handle Four-Glass Silver Lemon Set","DDA-UT-JG-91","92.5%","1500 g","","false","false","1"
"https://www.ddasilver.com/products/fluted-floral-lidded-silver-sindoor-dani","200","https://www.ddasilver.com/products/fluted-floral-lidded-silver-sindoor-dani","Fluted Floral-Lidded Silver Sindoor Dani in Agra | DDA Silver","false","false","Fluted Floral-Lidded Silver Sindoor Dani at DDA Silver in Agra. A silver Sindoor Dani weighing 35 g, with a fluted body, floral relief and fitted domed lid…","Fluted Floral-Lidded Silver Sindoor Dani","Gifts","Fluted Floral-Lidded Silver Sindoor Dani","SD-13","92.5%","35 g","Height: 2.5 in | Diameter: 2 in","false","false","1"
"https://www.ddasilver.com/products/fluted-shoulder-floral-silver-bottle","200","https://www.ddasilver.com/products/fluted-shoulder-floral-silver-bottle","Fluted-Shoulder Floral Silver Bottle in Agra | DDA Silver","false","false","Fluted-Shoulder Floral Silver Bottle at DDA Silver in Agra. A silver bottle weighing 400 g and standing 9.5 in high, with a fluted shoulder, engraved floral…","Fluted-Shoulder Floral Silver Bottle","Utensils","Fluted-Shoulder Floral Silver Bottle","DDA-UT-BT-100","92.5%","400 g","Height: 9.5 in","false","false","1"
"https://www.ddasilver.com/products/footed-platform-lakshmi-ganesha-silver-idols","200","https://www.ddasilver.com/products/footed-platform-lakshmi-ganesha-silver-idols","Footed Platform Lakshmi Ganesha Silver Idols… | DDA Silver","false","true","Footed Platform Lakshmi Ganesha Silver Idols at DDA Silver in Agra. A semi-solid 92.5% silver Lakshmi Ganesha pair on separate ornate footed platforms…","Footed Platform Lakshmi Ganesha Silver Idols","Idols","Footed Platform Lakshmi Ganesha Silver Idols","SSM-LG-7","92.5%","500 g","Height: 3.5 in","false","false","1"
"https://www.ddasilver.com/products/four-arm-ganesha-silver-idol","200","https://www.ddasilver.com/products/four-arm-ganesha-silver-idol","Four-Arm Ganesha Silver Idol in Agra | DDA Silver","false","false","Four-Arm Ganesha Silver Idol at DDA Silver in Agra. A hollow 99.80% pure silver four-arm Ganesha idol for devotional display. Weight: 20 g. Height: 2 in.","HM-GN-2 — Four-Arm Ganesha Silver Idol","Idols","Four-Arm Ganesha Silver Idol","HM-GN-2","99.80%","20 g","Height: 2 in","false","false","1"
"https://www.ddasilver.com/products/four-arm-ganesha-silver-idol-on-lotus","200","https://www.ddasilver.com/products/four-arm-ganesha-silver-idol-on-lotus","Four-Arm Ganesha Silver Idol on Lotus in Agra | DDA Silver","false","false","Four-Arm Ganesha Silver Idol on Lotus at DDA Silver in Agra. A hollow 99.80% pure silver four-arm Ganesha idol seated on an engraved lotus pedestal. Weight…","HM-GN-9 — Four-Arm Ganesha Silver Idol on Lotus","Idols","Four-Arm Ganesha Silver Idol on Lotus","HM-GN-9","99.80%","30 g","Height: 3 in","false","false","1"
"https://www.ddasilver.com/products/four-bowl-square-silver-serving-set","200","https://www.ddasilver.com/products/four-bowl-square-silver-serving-set","Four-Bowl Square Silver Serving Set in Agra | DDA Silver","false","false","Four-Bowl Square Silver Serving Set at DDA Silver in Agra. A square embossed silver serving tray fitted with four round bowls. Weight: 660 g. Supplied size: 8…","Four-Bowl Square Silver Serving Set","Utensils","Four-Bowl Square Silver Serving Set","DDA-UT-BW-102","92.5%","660 g","Width: 8 in | Depth: 8 in","false","false","1"
"https://www.ddasilver.com/products/four-inch-rounded-silver-kalash","200","https://www.ddasilver.com/products/four-inch-rounded-silver-kalash","Four-Inch Rounded Silver Kalash in Agra | DDA Silver","false","false","Four-Inch Rounded Silver Kalash at DDA Silver in Agra. Four-Inch Rounded Silver Kalash in 99.80% pure silver, featuring a balanced four-inch form with a…","Four-Inch Rounded Silver Kalash","Utensils","Four-Inch Rounded Silver Kalash","DDA-UT-KL-84","99.80%","200 g","Height: 4 in","false","false","1"
"https://www.ddasilver.com/products/frosted-engraved-silver-wine-bottle","200","https://www.ddasilver.com/products/frosted-engraved-silver-wine-bottle","Frosted Engraved Silver Wine Bottle in Agra | DDA Silver","false","false","Frosted Engraved Silver Wine Bottle at DDA Silver in Agra. A frosted silver wine bottle weighing 725 g and standing 10.5 in high, with floral engraving and…","Frosted Engraved Silver Wine Bottle","Utensils","Frosted Engraved Silver Wine Bottle","DDA-UT-BT-106","92.5%","725 g","Height: 10.5 in","false","false","1"
"https://www.ddasilver.com/products/ganesha-green-stone-silver-sindoor-dani","200","https://www.ddasilver.com/products/ganesha-green-stone-silver-sindoor-dani","Ganesha Green Stone Silver Sindoor Dani in Agra | DDA Silver","false","false","Ganesha Green Stone Silver Sindoor Dani at DDA Silver in Agra. A round 92.5% silver Sindoor Dani with Ganesha medallion, green stones and lotus-petal rim…","Ganesha Green Stone Silver Sindoor Dani","Gifts","Ganesha Green Stone Silver Sindoor Dani","SD-01","92.5%","155 g","Height: 2 in","false","false","1"
"https://www.ddasilver.com/products/ganesha-silver-idol-cobra-hood","200","https://www.ddasilver.com/products/ganesha-silver-idol-cobra-hood","Ganesha Silver Idol with Cobra Hood in Agra | DDA Silver","false","false","Ganesha Silver Idol with Cobra Hood at DDA Silver in Agra. A hollow 99.80% pure silver four-arm Ganesha idol crowned by a raised cobra hood with engraved…","HM-GN-16 — Ganesha Silver Idol with Cobra Hood","Idols","Ganesha Silver Idol with Cobra Hood","HM-GN-16","99.80%","50 g","Height: 4 in","false","false","1"
"https://www.ddasilver.com/products/ganesha-silver-idol-riding-mushak","200","https://www.ddasilver.com/products/ganesha-silver-idol-riding-mushak","Ganesha Silver Idol Riding Mushak in Agra | DDA Silver","false","false","Ganesha Silver Idol Riding Mushak at DDA Silver in Agra. A hollow 99.80% pure silver four-arm Ganesha idol riding Mushak on an engraved round pedestal…","HM-GN-14 — Ganesha Silver Idol Riding Mushak","Idols","Ganesha Silver Idol Riding Mushak","HM-GN-14","99.80%","25 g","Height: 3 in","false","false","1"
"https://www.ddasilver.com/products/ganesha-silver-idol-with-arch","200","https://www.ddasilver.com/products/ganesha-silver-idol-with-arch","Ganesha Silver Idol with Arch in Agra | DDA Silver","false","false","Ganesha Silver Idol with Arch at DDA Silver in Agra. A hollow 99.80% pure silver Ganesha idol framed by an ornate arch. Weight: 20 g. Height: 2.5 in.","HM-GN-1 — Ganesha Silver Idol with Arch","Idols","Ganesha Silver Idol with Arch","HM-GN-1","99.80%","20 g","Height: 2.5 in","false","false","1"
"https://www.ddasilver.com/products/ganesha-silver-idol-with-silver-turban","200","https://www.ddasilver.com/products/ganesha-silver-idol-with-silver-turban","Ganesha Silver Idol with Silver Turban in Agra | DDA Silver","false","false","Ganesha Silver Idol with Silver Turban at DDA Silver in Agra. A hollow 99.80% pure silver seated Ganesha idol wearing an engraved silver turban. Weight: 10 g…","HM-GN-6 — Ganesha Silver Idol with Silver Turban","Idols","Ganesha Silver Idol with Silver Turban","HM-GN-6","99.80%","10 g","Height: 2 in","false","false","1"
"https://www.ddasilver.com/products/ganesha-silver-idol-with-yellow-dhoti","200","https://www.ddasilver.com/products/ganesha-silver-idol-with-yellow-dhoti","Ganesha Silver Idol with Yellow Dhoti in Agra | DDA Silver","false","false","Ganesha Silver Idol with Yellow Dhoti at DDA Silver in Agra. A hollow 99.80% pure silver Ganesha idol with a hand-painted yellow dhoti. Weight: 28 g. Height…","HM-GN-3 — Ganesha Silver Idol with Yellow Dhoti","Idols","Ganesha Silver Idol with Yellow Dhoti","HM-GN-3","99.80%","28 g","Height: 2.5 in","false","false","1"
"https://www.ddasilver.com/products/ganesha-under-arch-round-silver-coin-10g","200","https://www.ddasilver.com/products/ganesha-under-arch-round-silver-coin-10g","DDA 10 Gram Ganesha Under Arch Round Silver… | DDA Silver","false","true","DDA 10 Gram Ganesha Under Arch Round Silver Coin at DDA Silver in Agra. A 10 gram silver piece featuring Ganesha seated beneath an ornamental arch…","DDA 10 Gram Ganesha Under Arch Round Silver Coin","Coin","DDA 10 Gram Ganesha Under Arch Round Silver Coin","DDA-COIN-20260822-041","99.80%","10 g","","false","false","1"
"https://www.ddasilver.com/products/gemstone-three-tier-silver-hatri","200","https://www.ddasilver.com/products/gemstone-three-tier-silver-hatri","Gemstone Three-Tier Silver Hatri in Agra | DDA Silver","false","false","Gemstone Three-Tier Silver Hatri at DDA Silver in Agra. A lightweight three-tier silver Hatri with green and yellow stone accents and an Om flag for Diwali…","Gemstone Three-Tier Silver Hatri","Gifts","Gemstone Three-Tier Silver Hatri","DDA-GF-PICS-23","92.5%","125 g","Height: 8 in","false","false","1"
"https://www.ddasilver.com/products/geometric-silver-clutch-400g","200","https://www.ddasilver.com/products/geometric-silver-clutch-400g","Geometric Silver Clutch in Agra | DDA Silver","false","false","Geometric Silver Clutch at DDA Silver in Agra. A structured 92.5% silver clutch defined by geometric relief panels, a central peacock motif, engraved borders…","PR-12 — Geometric Silver Clutch","Purse","Geometric Silver Clutch","PR-12","92.5%","400 g","","false","false","1"
"https://www.ddasilver.com/products/george-v-all-silver-oval-coin-15g-single-face","200","https://www.ddasilver.com/products/george-v-all-silver-oval-coin-15g-single-face","DDA 15 Gram George V Oval Silver Coin Front in… | DDA Silver","false","true","DDA 15 Gram George V Oval Silver Coin Front at DDA Silver in Agra. A 15 gram silver piece featuring a single-face all-silver George V portrait…","DDA 15 Gram George V Oval Silver Coin Front","Coin","DDA 15 Gram George V Oval Silver Coin Front","DDA-COIN-20260822-052","99.80%","15 g","","false","false","1"
"https://www.ddasilver.com/products/george-v-all-silver-oval-coin-5g","200","https://www.ddasilver.com/products/george-v-all-silver-oval-coin-5g","DDA 5 Gram George V Oval Silver Coin in Agra | DDA Silver","false","false","DDA 5 Gram George V Oval Silver Coin at DDA Silver in Agra. A 5 gram silver piece featuring an all-silver George V portrait and floral reverse…","DDA 5 Gram George V Oval Silver Coin","Coin","DDA 5 Gram George V Oval Silver Coin","DDA-COIN-20260822-060","99.80%","5 g","","false","false","2"
"https://www.ddasilver.com/products/george-v-all-silver-round-coin-5g","200","https://www.ddasilver.com/products/george-v-all-silver-round-coin-5g","DDA 5 Gram George V Round Silver Coin in Agra | DDA Silver","false","false","DDA 5 Gram George V Round Silver Coin at DDA Silver in Agra. A 5 gram silver piece featuring an all-silver George V portrait and ornamental reverse…","DDA 5 Gram George V Round Silver Coin","Coin","DDA 5 Gram George V Round Silver Coin","DDA-COIN-20260822-003","99.80%","5 g","","false","false","1"
"https://www.ddasilver.com/products/george-v-two-tone-oval-coin-100g","200","https://www.ddasilver.com/products/george-v-two-tone-oval-coin-100g","DDA 100 Gram George V Two-Tone Oval Silver… | DDA Silver","false","true","DDA 100 Gram George V Two-Tone Oval Silver Coin at DDA Silver in Agra. A 100 gram silver piece featuring an oval gold-tone George V portrait and decorative…","DDA 100 Gram George V Two-Tone Oval Silver Coin","Coin","DDA 100 Gram George V Two-Tone Oval Silver Coin","DDA-COIN-20260822-008","99.80%","100 g","","false","false","1"
"https://www.ddasilver.com/products/george-v-two-tone-oval-coin-10g","200","https://www.ddasilver.com/products/george-v-two-tone-oval-coin-10g","DDA 10 Gram George V Two-Tone Oval Silver Coin… | DDA Silver","false","true","DDA 10 Gram George V Two-Tone Oval Silver Coin at DDA Silver in Agra. A 10 gram silver piece featuring an oval gold-tone George V portrait and decorative…","DDA 10 Gram George V Two-Tone Oval Silver Coin","Coin","DDA 10 Gram George V Two-Tone Oval Silver Coin","DDA-COIN-20260822-004","99.80%","10 g","","false","false","1"
"https://www.ddasilver.com/products/george-v-two-tone-oval-coin-15g-single-face","200","https://www.ddasilver.com/products/george-v-two-tone-oval-coin-15g-single-face","DDA 15 Gram George V Two-Tone Oval Silver Coin… | DDA Silver","false","true","DDA 15 Gram George V Two-Tone Oval Silver Coin Front at DDA Silver in Agra. A 15 gram silver piece featuring a single-face gold-tone George V portrait…","DDA 15 Gram George V Two-Tone Oval Silver Coin Front","Coin","DDA 15 Gram George V Two-Tone Oval Silver Coin Front","DDA-COIN-20260822-050","99.80%","15 g","","false","false","1"
"https://www.ddasilver.com/products/george-v-two-tone-oval-coin-20g","200","https://www.ddasilver.com/products/george-v-two-tone-oval-coin-20g","DDA 20 Gram George V Two-Tone Oval Silver Coin… | DDA Silver","false","true","DDA 20 Gram George V Two-Tone Oval Silver Coin at DDA Silver in Agra. A 20 gram silver piece featuring an oval gold-tone George V portrait and decorative…","DDA 20 Gram George V Two-Tone Oval Silver Coin","Coin","DDA 20 Gram George V Two-Tone Oval Silver Coin","DDA-COIN-20260822-005","99.80%","20 g","","false","false","1"
"https://www.ddasilver.com/products/george-v-two-tone-oval-coin-25g","200","https://www.ddasilver.com/products/george-v-two-tone-oval-coin-25g","DDA 25 Gram George V Two-Tone Oval Silver Coin… | DDA Silver","false","true","DDA 25 Gram George V Two-Tone Oval Silver Coin at DDA Silver in Agra. A 25 gram silver piece featuring an oval gold-tone George V portrait and decorative…","DDA 25 Gram George V Two-Tone Oval Silver Coin","Coin","DDA 25 Gram George V Two-Tone Oval Silver Coin","DDA-COIN-20260822-006","99.80%","25 g","","false","false","1"
"https://www.ddasilver.com/products/george-v-two-tone-oval-coin-50g","200","https://www.ddasilver.com/products/george-v-two-tone-oval-coin-50g","DDA 50 Gram George V Two-Tone Oval Silver Coin… | DDA Silver","false","true","DDA 50 Gram George V Two-Tone Oval Silver Coin at DDA Silver in Agra. A 50 gram silver piece featuring an oval gold-tone George V portrait and decorative…","DDA 50 Gram George V Two-Tone Oval Silver Coin","Coin","DDA 50 Gram George V Two-Tone Oval Silver Coin","DDA-COIN-20260822-007","99.80%","50 g","","false","false","1"
"https://www.ddasilver.com/products/george-v-two-tone-oval-coin-5g","200","https://www.ddasilver.com/products/george-v-two-tone-oval-coin-5g","DDA 5 Gram George V Two-Tone Oval Silver Coin… | DDA Silver","false","true","DDA 5 Gram George V Two-Tone Oval Silver Coin at DDA Silver in Agra. A 5 gram silver piece featuring an oval gold-tone George V portrait paired with a…","DDA 5 Gram George V Two-Tone Oval Silver Coin","Coin","DDA 5 Gram George V Two-Tone Oval Silver Coin","DDA-COIN-20260822-070","99.80%","5 g","","false","false","2"
"https://www.ddasilver.com/products/george-v-two-tone-round-silver-coin-5g","200","https://www.ddasilver.com/products/george-v-two-tone-round-silver-coin-5g","DDA 5 Gram George V Two-Tone Round Silver Coin… | DDA Silver","false","true","DDA 5 Gram George V Two-Tone Round Silver Coin at DDA Silver in Agra. A 5 gram silver piece featuring a gold-tone George V portrait and ornamental reverse…","DDA 5 Gram George V Two-Tone Round Silver Coin","Coin","DDA 5 Gram George V Two-Tone Round Silver Coin","DDA-COIN-20260822-002","99.80%","5 g","","false","false","1"
"https://www.ddasilver.com/products/gilded-arch-four-glass-silver-lemon-set","200","https://www.ddasilver.com/products/gilded-arch-four-glass-silver-lemon-set","Gilded Arch Four-Glass Silver Lemon Set in Agra | DDA Silver","false","false","Gilded Arch Four-Glass Silver Lemon Set at DDA Silver in Agra. A five-piece 92.5% silver lemon set with an elephant-spout lidded jug and four glasses…","Gilded Arch Four-Glass Silver Lemon Set","Utensils","Gilded Arch Four-Glass Silver Lemon Set","DDA-UT-JG-95","92.5%","1600 g","","false","false","1"
"https://www.ddasilver.com/products/glass-floral-band-silver-bottle","200","https://www.ddasilver.com/products/glass-floral-band-silver-bottle","Glass Floral-Band Silver Bottle in Agra | DDA Silver","false","false","Glass Floral-Band Silver Bottle at DDA Silver in Agra. A transparent glass bottle with silver floral bands, fitted cap and gold-tone inner base, supplied at…","Glass Floral-Band Silver Bottle","Utensils","Glass Floral-Band Silver Bottle","DDA-UT-BT-99","92.5%","125 g","Height: 11 in","false","false","1"
"https://www.ddasilver.com/products/gold-accent-peacock-canopy-silver-singhasan","200","https://www.ddasilver.com/products/gold-accent-peacock-canopy-silver-singhasan","Gold-Accent Peacock-Canopy Silver Singhasan in… | DDA Silver","false","true","Gold-Accent Peacock-Canopy Silver Singhasan at DDA Silver in Agra. A silver singhasan weighing 1,720 g, with gold accents, peacock details, a suspended canopy…","Gold-Accent Peacock-Canopy Silver Singhasan","Gifts","Gold-Accent Peacock-Canopy Silver Singhasan","SG-19","92.5%","1720 g","Width: 10 in | Depth: 8 in","false","false","1"
"https://www.ddasilver.com/products/gold-accent-rama-silver-idol-tall-arch","200","https://www.ddasilver.com/products/gold-accent-rama-silver-idol-tall-arch","Gold-Accent Rama Silver Idol Beneath Tall Arch… | DDA Silver","false","true","Gold-Accent Rama Silver Idol Beneath Tall Arch at DDA Silver in Agra. A hollow 99.80% pure silver standing Rama idol with a bow and arrow beneath a tall…","HM-RM-15 — Gold-Accent Rama Silver Idol Beneath Tall Arch","Idols","Gold-Accent Rama Silver Idol Beneath Tall Arch","HM-RM-15","99.80%","90 g","Height: 6 in","false","false","1"
"https://www.ddasilver.com/products/gold-accent-rama-sita-silver-idol-pair","200","https://www.ddasilver.com/products/gold-accent-rama-sita-silver-idol-pair","Gold-Accent Rama Sita Silver Idol Pair in Agra | DDA Silver","false","false","Gold-Accent Rama Sita Silver Idol Pair at DDA Silver in Agra. A hollow 99.80% pure silver seated Rama and Sita idol pair with a bow, raised blessing hands…","HM-RM-14 — Gold-Accent Rama Sita Silver Idol Pair","Idols","Gold-Accent Rama Sita Silver Idol Pair","HM-RM-14","99.80%","80 g","Height: 4 in","false","false","1"
"https://www.ddasilver.com/products/gold-accent-shivling-silver-idol-tripundra","200","https://www.ddasilver.com/products/gold-accent-shivling-silver-idol-tripundra","Gold-Accent Shivling Silver Idol with… | DDA Silver","false","true","Gold-Accent Shivling Silver Idol with Tripundra at DDA Silver in Agra. A hollow 99.80% pure silver Shivling idol with painted tripundra marks, an elongated…","HM-SH-9 — Gold-Accent Shivling Silver Idol with Tripundra","Idols","Gold-Accent Shivling Silver Idol with Tripundra","HM-SH-9","99.80%","20 g","Height: 2.5 in","false","false","1"
"https://www.ddasilver.com/products/gold-and-pink-crest-octagonal-silver-box","200","https://www.ddasilver.com/products/gold-and-pink-crest-octagonal-silver-box","Gold-and-Pink Crest Octagonal Silver Box in Agra | DDA Silver","false","false","Gold-and-Pink Crest Octagonal Silver Box at DDA Silver in Agra. An octagonal embossed silver keepsake box with gold-tone and pink floral crest. Weight: 230 g…","Gold-and-Pink Crest Octagonal Silver Box","Gifts","Gold-and-Pink Crest Octagonal Silver Box","DDA-GF-PICS-41","92.5%","230 g","Width: 4 in | Depth: 3 in","false","false","1"
"https://www.ddasilver.com/products/gold-lattice-green-fringe-silver-purse","200","https://www.ddasilver.com/products/gold-lattice-green-fringe-silver-purse","Gold Lattice Green Fringe Silver Purse in Agra | DDA Silver","false","false","Gold Lattice Green Fringe Silver Purse at DDA Silver in Agra. A 92.5% silver purse combining gold-toned lattice panels, floral engraving, a jeweled bird clasp…","Gold Lattice Green Fringe Silver Purse","Purse","Gold Lattice Green Fringe Silver Purse","PR-19","92.5%","645 g","","false","false","1"
"https://www.ddasilver.com/products/gold-lattice-pearl-fringe-silver-clutch-purse","200","https://www.ddasilver.com/products/gold-lattice-pearl-fringe-silver-clutch-purse","Gold-Lattice Pearl-Fringe Silver Clutch Purse… | DDA Silver","false","true","Gold-Lattice Pearl-Fringe Silver Clutch Purse at DDA Silver in Agra. A silver-and-gold clutch purse weighing 414 g, with floral lattice, pearl fringe, jeweled…","Gold-Lattice Pearl-Fringe Silver Clutch Purse","Purse","Gold-Lattice Pearl-Fringe Silver Clutch Purse","PR-24","92.5%","414 g","","false","false","1"
"https://www.ddasilver.com/products/gold-tone-floral-silver-purse-730g","200","https://www.ddasilver.com/products/gold-tone-floral-silver-purse-730g","Gold-Tone Floral Silver Purse in Agra | DDA Silver","false","false","Gold-Tone Floral Silver Purse at DDA Silver in Agra. A rounded gold-tone 92.5% silver purse enriched with layered floral relief, multicolored stones, a…","PR-3 — Gold-Tone Floral Silver Purse","Purse","Gold-Tone Floral Silver Purse","PR-3","92.5%","730 g","","false","false","1"
"https://www.ddasilver.com/products/gold-tone-vessel-floral-thali-set-9in-275g","200","https://www.ddasilver.com/products/gold-tone-vessel-floral-thali-set-9in-275g","DDA 9 Inch Floral Pooja Thali Set with… | DDA Silver","false","true","DDA 9 Inch Floral Pooja Thali Set with Gold-Tone Vessels at DDA Silver in Agra. A 275 gram, 9-inch Pooja Thali Set in confirmed 92.5% silver with a…","DDA 9 Inch Floral Pooja Thali Set with Gold-Tone Vessels","Utensils","DDA 9 Inch Floral Pooja Thali Set with Gold-Tone Vessels","DDA-UT-PT-2205","92.5%","275 g","Diameter: 9 in","false","false","1"
"https://www.ddasilver.com/products/grand-concentric-line-silver-plate","200","https://www.ddasilver.com/products/grand-concentric-line-silver-plate","Grand Concentric-Line Silver Plate in Agra | DDA Silver","false","false","Grand Concentric-Line Silver Plate at DDA Silver in Agra. Grand Concentric-Line Silver Plate in 99.80% pure silver, featuring a broad serving profile with an…","Grand Concentric-Line Silver Plate","Utensils","Grand Concentric-Line Silver Plate","DDA-UT-PL-48","99.80%","250 g","Diameter: 9 in","false","false","1"
"https://www.ddasilver.com/products/grand-painted-kamdhenu-silver-idol-floral-om-blanket","200","https://www.ddasilver.com/products/grand-painted-kamdhenu-silver-idol-floral-om-blanket","Grand Painted Kamdhenu Silver Idol with Floral… | DDA Silver","false","true","Grand Painted Kamdhenu Silver Idol with Floral Om Blanket at DDA Silver in Agra. A grand hollow 99.80% pure silver Kamdhenu cow-and-calf idol with a…","HM-KM-17 — Grand Painted Kamdhenu Silver Idol with Floral Om Blanket","Idols","Grand Painted Kamdhenu Silver Idol with Floral Om Blanket","HM-KM-17","99.80%","600 g","Height: 5.5 in","false","false","1"
"https://www.ddasilver.com/products/grand-painted-ram-darbar-silver-idol-set","200","https://www.ddasilver.com/products/grand-painted-ram-darbar-silver-idol-set","Grand Painted Ram Darbar Silver Idol Set in Agra | DDA Silver","false","false","Grand Painted Ram Darbar Silver Idol Set at DDA Silver in Agra. A grand hollow 99.80% pure silver Ram Darbar set with Rama, Sita, Lakshmana, and Hanuman in…","HM-RM-7 — Grand Painted Ram Darbar Silver Idol Set","Idols","Grand Painted Ram Darbar Silver Idol Set","HM-RM-7","99.80%","850 g","Height: 10 in","false","false","1"
"https://www.ddasilver.com/products/grand-peacock-floral-silver-jhula","200","https://www.ddasilver.com/products/grand-peacock-floral-silver-jhula","Grand Peacock Floral Silver Jhula in Agra | DDA Silver","false","false","Grand Peacock Floral Silver Jhula at DDA Silver in Agra. A grand 92.5% silver peacock jhula weighing 2155 g, with a 10 × 8 inch singhasan measured…","Grand Peacock Floral Silver Jhula","Jhula","Grand Peacock Floral Silver Jhula","JH-09","92.5%","2155 g","Singhasan dimensions: 10 × 8 in","false","false","1"
"https://www.ddasilver.com/products/grand-seated-ganesha-silver-idol","200","https://www.ddasilver.com/products/grand-seated-ganesha-silver-idol","Grand Seated Ganesha Silver Idol in Agra | DDA Silver","false","false","Grand Seated Ganesha Silver Idol at DDA Silver in Agra. A large seated Ganesha silver idol with a bowl of sweets and mouse companion. Weight: 3,120 g. Height…","Grand Seated Ganesha Silver Idol","Idols","Grand Seated Ganesha Silver Idol","SSM-GN-3","92.5%","3120 g","Height: 9 in","false","false","1"
"https://www.ddasilver.com/products/green-stone-floral-chain-silver-purse","200","https://www.ddasilver.com/products/green-stone-floral-chain-silver-purse","Green Stone Floral Chain Silver Purse in Agra | DDA Silver","false","false","Green Stone Floral Chain Silver Purse at DDA Silver in Agra. A handled 92.5% silver purse with gold-toned floral accents, a central green oval stone and its…","Green Stone Floral Chain Silver Purse","Purse","Green Stone Floral Chain Silver Purse","PR-21","92.5%","550 g","","false","false","1"
"https://www.ddasilver.com/products/green-stone-silver-clutch-600g","200","https://www.ddasilver.com/products/green-stone-silver-clutch-600g","Green-Stone Silver Clutch in Agra | DDA Silver","false","false","Green-Stone Silver Clutch at DDA Silver in Agra. An ornate 92.5% silver clutch accented with a central green stone, pearl and crystal details, delicate…","PR-7 — Green-Stone Silver Clutch","Purse","Green-Stone Silver Clutch","PR-7","92.5%","600 g","","false","false","1"
"https://www.ddasilver.com/products/hammered-six-glass-silver-lemon-set","200","https://www.ddasilver.com/products/hammered-six-glass-silver-lemon-set","Hammered Six-Glass Silver Lemon Set in Agra | DDA Silver","false","false","Hammered Six-Glass Silver Lemon Set at DDA Silver in Agra. A seven-piece 92.5% silver lemon set with a lidded jug and six matching glasses, combining a bright…","Hammered Six-Glass Silver Lemon Set","Utensils","Hammered Six-Glass Silver Lemon Set","DDA-UT-JG-94","92.5%","1290 g","","false","false","1"
"https://www.ddasilver.com/products/handled-four-bowl-silver-serving-set","200","https://www.ddasilver.com/products/handled-four-bowl-silver-serving-set","Handled Four-Bowl Silver Serving Set in Agra | DDA Silver","false","false","Handled Four-Bowl Silver Serving Set at DDA Silver in Agra. A square handled silver serving tray with four matching bowls and ornate edging. Weight: 771 g…","Handled Four-Bowl Silver Serving Set","Utensils","Handled Four-Bowl Silver Serving Set","DDA-UT-BW-103","92.5%","771 g","Width: 8 in | Depth: 8 in","false","false","1"
"https://www.ddasilver.com/products/hanuman-carrying-mountain-round-silver-coin-10g","200","https://www.ddasilver.com/products/hanuman-carrying-mountain-round-silver-coin-10g","DDA 10 Gram Hanuman Carrying Mountain Round… | DDA Silver","false","true","DDA 10 Gram Hanuman Carrying Mountain Round Silver Coin at DDA Silver in Agra. A 10 gram silver piece featuring Hanuman carrying the mountain in raised…","DDA 10 Gram Hanuman Carrying Mountain Round Silver Coin","Coin","DDA 10 Gram Hanuman Carrying Mountain Round Silver Coin","DDA-COIN-20260822-042","99.80%","10 g","","false","false","1"
"https://www.ddasilver.com/products/hollow-gun-silver-display-set","200","https://www.ddasilver.com/products/hollow-gun-silver-display-set","Hollow Gun Silver Display Set in Agra | DDA Silver","false","false","Hollow Gun Silver Display Set at DDA Silver in Agra. A decorative hollow gun-shaped silver display piece supplied at 160 g. Physical dimensions are not…","Hollow Gun Silver Display Set","Gifts","Hollow Gun Silver Display Set","HG-01","99.80%","160 g","","false","false","2"
"https://www.ddasilver.com/products/honeycomb-floral-round-handle-silver-clutch-purse","200","https://www.ddasilver.com/products/honeycomb-floral-round-handle-silver-clutch-purse","Honeycomb Floral Round-Handle Silver Clutch… | DDA Silver","false","true","Honeycomb Floral Round-Handle Silver Clutch Purse at DDA Silver in Agra. A broad silver clutch weighing 455 g, with a full round handle, honeycomb openwork…","Honeycomb Floral Round-Handle Silver Clutch Purse","Purse","Honeycomb Floral Round-Handle Silver Clutch Purse","PR-27","92.5%","455 g","","false","false","2"
"https://www.ddasilver.com/products/horse-drawn-carriage-silver-sculpture","200","https://www.ddasilver.com/products/horse-drawn-carriage-silver-sculpture","Horse-Drawn Carriage Silver Sculpture in Agra | DDA Silver","false","false","Horse-Drawn Carriage Silver Sculpture at DDA Silver in Agra. A detailed silver horse-drawn carriage sculpture with ornate coachwork and turning wheels…","Horse-Drawn Carriage Silver Sculpture","Gifts","Horse-Drawn Carriage Silver Sculpture","DDA-GF-PICS-24","92.5%","1312 g","","false","false","1"
"https://www.ddasilver.com/products/jeweled-durga-tiger-arch-semi-solid-silver-idol","200","https://www.ddasilver.com/products/jeweled-durga-tiger-arch-semi-solid-silver-idol","Jeweled Durga Tiger Arch Semi-solid Silver… | DDA Silver","false","true","Jeweled Durga Tiger Arch Semi-solid Silver Idol at DDA Silver in Agra. A semi-solid 92.5% silver Durga seated on a tiger within a purple-and-green stone arch…","Jeweled Durga Tiger Arch Semi-solid Silver Idol","Idols","Jeweled Durga Tiger Arch Semi-solid Silver Idol","SSM-DG-1","92.5%","200 g","Height: 3.3 in","false","false","1"
"https://www.ddasilver.com/products/jeweled-medallion-silver-clutch-500g","200","https://www.ddasilver.com/products/jeweled-medallion-silver-clutch-500g","Jeweled Medallion Silver Clutch in Agra | DDA Silver","false","false","Jeweled Medallion Silver Clutch at DDA Silver in Agra. A statement 92.5% silver clutch with a jewel-set lattice body, central black medallion, curved handle…","PR-4 — Jeweled Medallion Silver Clutch","Purse","Jeweled Medallion Silver Clutch","PR-4","92.5%","500 g","","false","false","1"
"https://www.ddasilver.com/products/jeweled-peacock-tassel-silver-handbag","200","https://www.ddasilver.com/products/jeweled-peacock-tassel-silver-handbag","Jeweled Peacock-Tassel Silver Handbag in Agra | DDA Silver","false","false","Jeweled Peacock-Tassel Silver Handbag at DDA Silver in Agra. An ornate silver handbag weighing 570 g, with gold borders, jeweled peacocks, red central…","Jeweled Peacock-Tassel Silver Handbag","Purse","Jeweled Peacock-Tassel Silver Handbag","PR-31","92.5%","570 g","","false","false","1"
"https://www.ddasilver.com/products/kaaba-786-round-silver-coin","200","https://www.ddasilver.com/products/kaaba-786-round-silver-coin","DDA Kaaba and 786 Round Silver Coin in Agra | DDA Silver","false","false","DDA Kaaba and 786 Round Silver Coin at DDA Silver in Agra. A 10 gram silver piece featuring the Kaaba, crescent and star, and 786 motifs. Owner-confirmed…","DDA Kaaba and 786 Round Silver Coin","Coin","DDA Kaaba and 786 Round Silver Coin","DDA-COIN-20260822-047","99.80%","10 g","","false","false","1"
"https://www.ddasilver.com/products/kaaba-allah-calligraphy-round-silver-coin-10g","200","https://www.ddasilver.com/products/kaaba-allah-calligraphy-round-silver-coin-10g","DDA 10 Gram Kaaba and Allah Calligraphy Round… | DDA Silver","false","true","DDA 10 Gram Kaaba and Allah Calligraphy Round Silver Coin at DDA Silver in Agra. A 10 gram silver piece featuring the Kaaba on one face and Arabic Allah…","DDA 10 Gram Kaaba and Allah Calligraphy Round Silver Coin","Coin","DDA 10 Gram Kaaba and Allah Calligraphy Round Silver Coin","DDA-COIN-20260822-046","99.80%","10 g","","false","false","1"
"https://www.ddasilver.com/products/kali-over-shiva-semi-solid-silver-idol","200","https://www.ddasilver.com/products/kali-over-shiva-semi-solid-silver-idol","Kali over Shiva Semi-solid Silver Idol in Agra | DDA Silver","false","false","Kali over Shiva Semi-solid Silver Idol at DDA Silver in Agra. A semi-solid 92.5% silver Kali composition standing over Shiva with trident, blade and sculpted…","Kali over Shiva Semi-solid Silver Idol","Idols","Kali over Shiva Semi-solid Silver Idol","SSM-KL-1","92.5%","1000 g","Height: 6 in","false","false","1"
"https://www.ddasilver.com/products/kamdhenu-silver-idol-beaded-blanket-bells","200","https://www.ddasilver.com/products/kamdhenu-silver-idol-beaded-blanket-bells","Kamdhenu Silver Idol with Beaded Blanket and… | DDA Silver","false","true","Kamdhenu Silver Idol with Beaded Blanket and Bells at DDA Silver in Agra. A hollow 99.80% pure silver Kamdhenu cow-and-calf idol with a beaded blanket…","HM-KM-11 — Kamdhenu Silver Idol with Beaded Blanket and Bells","Idols","Kamdhenu Silver Idol with Beaded Blanket and Bells","HM-KM-11","99.80%","50 g","Height: 2.5 in","false","false","1"
"https://www.ddasilver.com/products/kamdhenu-silver-idol-diamond-pattern-blanket","200","https://www.ddasilver.com/products/kamdhenu-silver-idol-diamond-pattern-blanket","Kamdhenu Silver Idol with Diamond-Pattern… | DDA Silver","false","true","Kamdhenu Silver Idol with Diamond-Pattern Blanket at DDA Silver in Agra. A hollow 99.80% pure silver Kamdhenu cow-and-calf idol with an engraved…","HM-KM-6 — Kamdhenu Silver Idol with Diamond-Pattern Blanket","Idols","Kamdhenu Silver Idol with Diamond-Pattern Blanket","HM-KM-6","99.80%","20 g","Height: 1.5 in","false","false","1"
"https://www.ddasilver.com/products/kamdhenu-silver-idol-golden-blanket","200","https://www.ddasilver.com/products/kamdhenu-silver-idol-golden-blanket","Kamdhenu Silver Idol with Golden Blanket in Agra | DDA Silver","false","false","Kamdhenu Silver Idol with Golden Blanket at DDA Silver in Agra. A hollow 99.80% pure silver Kamdhenu cow-and-calf idol accented with a patterned golden…","HM-KM-5 — Kamdhenu Silver Idol with Golden Blanket","Idols","Kamdhenu Silver Idol with Golden Blanket","HM-KM-5","99.80%","25 g","Height: 1.5 in","false","false","1"
"https://www.ddasilver.com/products/kamdhenu-silver-idol-ornate-gold-blanket","200","https://www.ddasilver.com/products/kamdhenu-silver-idol-ornate-gold-blanket","Kamdhenu Silver Idol with Ornate Gold Blanket… | DDA Silver","false","true","Kamdhenu Silver Idol with Ornate Gold Blanket at DDA Silver in Agra. A hollow 99.80% pure silver Kamdhenu cow-and-calf idol with an ornate gold-toned blanket…","HM-KM-7 — Kamdhenu Silver Idol with Ornate Gold Blanket","Idols","Kamdhenu Silver Idol with Ornate Gold Blanket","HM-KM-7","99.80%","35 g","Height: 2 in","false","false","1"
"https://www.ddasilver.com/products/kamdhenu-silver-idol-sculpted-cloud-base","200","https://www.ddasilver.com/products/kamdhenu-silver-idol-sculpted-cloud-base","Kamdhenu Silver Idol on Sculpted Cloud Base in… | DDA Silver","false","true","Kamdhenu Silver Idol on Sculpted Cloud Base at DDA Silver in Agra. A hollow 99.80% pure silver Kamdhenu cow-and-calf idol with a detailed coat on a sculpted…","HM-KM-15 — Kamdhenu Silver Idol on Sculpted Cloud Base","Idols","Kamdhenu Silver Idol on Sculpted Cloud Base","HM-KM-15","99.80%","100 g","Height: 3 in","false","false","1"
"https://www.ddasilver.com/products/kamdhenu-silver-idol-woven-texture-blanket","200","https://www.ddasilver.com/products/kamdhenu-silver-idol-woven-texture-blanket","Kamdhenu Silver Idol with Woven-Texture… | DDA Silver","false","true","Kamdhenu Silver Idol with Woven-Texture Blanket at DDA Silver in Agra. A hollow 99.80% pure silver Kamdhenu cow-and-calf idol with a woven-texture blanket and…","HM-KM-13 — Kamdhenu Silver Idol with Woven-Texture Blanket","Idols","Kamdhenu Silver Idol with Woven-Texture Blanket","HM-KM-13","99.80%","70 g","Height: 2.5 in","false","false","1"
"https://www.ddasilver.com/products/kamdhenu-with-calf-semi-solid-silver-idol","200","https://www.ddasilver.com/products/kamdhenu-with-calf-semi-solid-silver-idol","Kamdhenu with Calf Semi-solid Silver Idol in… | DDA Silver","false","true","Kamdhenu with Calf Semi-solid Silver Idol at DDA Silver in Agra. A semi-solid 92.5% silver Kamdhenu and calf composition with devotional figures modeled…","Kamdhenu with Calf Semi-solid Silver Idol","Idols","Kamdhenu with Calf Semi-solid Silver Idol","SSM-KM-1","92.5%","1000 g","Height: 5.5 in","false","false","1"
"https://www.ddasilver.com/products/khatu-shyam-oval-silver-coin","200","https://www.ddasilver.com/products/khatu-shyam-oval-silver-coin","DDA Khatu Shyam Oval Silver Coin in Agra | DDA Silver","false","false","DDA Khatu Shyam Oval Silver Coin at DDA Silver in Agra. A 10 gram silver piece featuring Khatu Shyam imagery with Hindi lettering and an ornamental border…","DDA Khatu Shyam Oval Silver Coin","Coin","DDA Khatu Shyam Oval Silver Coin","DDA-COIN-20260822-048","99.80%","10 g","","false","false","1"
"https://www.ddasilver.com/products/khatu-shyam-silver-idol","200","https://www.ddasilver.com/products/khatu-shyam-silver-idol","Khatu Shyam Silver Idol in Agra | DDA Silver","false","false","Khatu Shyam Silver Idol at DDA Silver in Agra. A hollow 99.80% pure silver Khatu Shyam idol with a detailed circular halo. Weight: 15 g. Height: 2 in.","HM-KS-1 — Khatu Shyam Silver Idol","Idols","Khatu Shyam Silver Idol","HM-KS-1","99.80%","15 g","Height: 2 in","false","false","1"
"https://www.ddasilver.com/products/kneeling-bal-krishna-laddoo","200","https://www.ddasilver.com/products/kneeling-bal-krishna-laddoo","Kneeling Bal Krishna Silver Idol with Laddoo… | DDA Silver","false","true","Kneeling Bal Krishna Silver Idol with Laddoo at DDA Silver in Agra. A hollow 99.80% pure silver kneeling Bal Krishna idol holding a laddoo, with layered…","HM-BK-20 — Kneeling Bal Krishna Silver Idol with Laddoo","Idols","Kneeling Bal Krishna Silver Idol with Laddoo","HM-BK-20","99.80%","30 g","Height: 3 in","false","false","1"
"https://www.ddasilver.com/products/kneeling-bal-krishna-silver-idol","200","https://www.ddasilver.com/products/kneeling-bal-krishna-silver-idol","Kneeling Bal Krishna Silver Idol in Agra | DDA Silver","false","false","Kneeling Bal Krishna Silver Idol at DDA Silver in Agra. A hollow 99.80% pure silver Bal Krishna idol in a kneeling devotional pose. Weight: 60 g. Height: 4 in.","HM-BK-2 — Kneeling Bal Krishna Silver Idol","Idols","Kneeling Bal Krishna Silver Idol","HM-BK-2","99.80%","60 g","Height: 4 in","false","false","1"
"https://www.ddasilver.com/products/kneeling-hanuman-semi-solid-silver-idol","200","https://www.ddasilver.com/products/kneeling-hanuman-semi-solid-silver-idol","Kneeling Hanuman Semi-solid Silver Idol in Agra | DDA Silver","false","false","Kneeling Hanuman Semi-solid Silver Idol at DDA Silver in Agra. A semi-solid 92.5% silver Hanuman idol kneeling with a mace on an ornate footed base…","Kneeling Hanuman Semi-solid Silver Idol","Idols","Kneeling Hanuman Semi-solid Silver Idol","SSM-HN-2","92.5%","539 g","Height: 4.5 in","false","false","1"
"https://www.ddasilver.com/products/kneeling-hanuman-silver-idol-mace","200","https://www.ddasilver.com/products/kneeling-hanuman-silver-idol-mace","Kneeling Hanuman Silver Idol with Mace in Agra | DDA Silver","false","false","Kneeling Hanuman Silver Idol with Mace at DDA Silver in Agra. A hollow 99.80% pure silver kneeling Hanuman idol holding a mace with a raised blessing hand…","HM-HN-4 — Kneeling Hanuman Silver Idol with Mace","Idols","Kneeling Hanuman Silver Idol with Mace","HM-HN-4","99.80%","40 g","Height: 3 in","false","false","1"
"https://www.ddasilver.com/products/kuber-silver-idol-on-throne","200","https://www.ddasilver.com/products/kuber-silver-idol-on-throne","Kuber Silver Idol on Throne in Agra | DDA Silver","false","false","Kuber Silver Idol on Throne at DDA Silver in Agra. A hollow 99.80% pure silver Kuber idol seated on a detailed throne. Weight: 6 g. Height: 1.5 in.","HM-KB-2 — Kuber Silver Idol on Throne","Idols","Kuber Silver Idol on Throne","HM-KB-2","99.80%","6 g","Height: 1.5 in","false","false","1"
"https://www.ddasilver.com/products/laddu-gopal-butter-pot-semi-solid-silver-idol","200","https://www.ddasilver.com/products/laddu-gopal-butter-pot-semi-solid-silver-idol","Laddu Gopal Butter Pot Semi-solid Silver Idol… | DDA Silver","false","true","Laddu Gopal Butter Pot Semi-solid Silver Idol at DDA Silver in Agra. A semi-solid 92.5% silver Laddu Gopal kneeling beside an openwork butter pot. Confirmed…","Laddu Gopal Butter Pot Semi-solid Silver Idol","Idols","Laddu Gopal Butter Pot Semi-solid Silver Idol","SSM-BK-1","92.5%","200 g","Height: 3.5 in","false","false","1"
"https://www.ddasilver.com/products/laddu-gopal-crawling-silver-idol","200","https://www.ddasilver.com/products/laddu-gopal-crawling-silver-idol","Laddu Gopal Crawling Silver Idol in Agra | DDA Silver","false","false","Laddu Gopal Crawling Silver Idol at DDA Silver in Agra. A crawling Laddu Gopal silver idol holding a round laddu, with engraved jewellery and hair. Weight…","Laddu Gopal Crawling Silver Idol","Idols","Laddu Gopal Crawling Silver Idol","SSM-BK-2","92.5%","215 g","Height: 4 in","false","false","1"
"https://www.ddasilver.com/products/lakshmi-ganesha-silver-idol-pair-beaded-halos","200","https://www.ddasilver.com/products/lakshmi-ganesha-silver-idol-pair-beaded-halos","Lakshmi Ganesha Silver Idol Pair with Beaded… | DDA Silver","false","true","Lakshmi Ganesha Silver Idol Pair with Beaded Halos at DDA Silver in Agra. A hollow 99.80% pure silver Lakshmi Ganesha idol pair seated on lotus bases with…","HM-LG-8 — Lakshmi Ganesha Silver Idol Pair with Beaded Halos","Idols","Lakshmi Ganesha Silver Idol Pair with Beaded Halos","HM-LG-8","99.80%","12 g","Height: 1.5 in","false","false","1"
"https://www.ddasilver.com/products/lakshmi-ganesha-silver-idol-pair-circular-halos","200","https://www.ddasilver.com/products/lakshmi-ganesha-silver-idol-pair-circular-halos","Lakshmi Ganesha Silver Idol Pair with Circular… | DDA Silver","false","true","Lakshmi Ganesha Silver Idol Pair with Circular Halos at DDA Silver in Agra. A hollow 99.80% pure silver Lakshmi Ganesha idol pair seated on lotus bases with…","HM-LG-26 — Lakshmi Ganesha Silver Idol Pair with Circular Halos","Idols","Lakshmi Ganesha Silver Idol Pair with Circular Halos","HM-LG-26","99.80%","75 g","Height: 3 in","false","false","1"
"https://www.ddasilver.com/products/lakshmi-ganesha-silver-idol-pair-compact-lotus-bases","200","https://www.ddasilver.com/products/lakshmi-ganesha-silver-idol-pair-compact-lotus-bases","Lakshmi Ganesha Silver Idol Pair on Compact… | DDA Silver","false","true","Lakshmi Ganesha Silver Idol Pair on Compact Lotus Bases at DDA Silver in Agra. A hollow 99.80% pure silver Lakshmi Ganesha idol pair in a compact seated…","HM-LG-6 — Lakshmi Ganesha Silver Idol Pair on Compact Lotus Bases","Idols","Lakshmi Ganesha Silver Idol Pair on Compact Lotus Bases","HM-LG-6","99.80%","15 g","Height: 2 in","false","false","1"
"https://www.ddasilver.com/products/lakshmi-ganesha-silver-idol-pair-drum-seats","200","https://www.ddasilver.com/products/lakshmi-ganesha-silver-idol-pair-drum-seats","Lakshmi Ganesha Silver Idol Pair on Drum Seats… | DDA Silver","false","true","Lakshmi Ganesha Silver Idol Pair on Drum Seats at DDA Silver in Agra. A hollow 99.80% pure silver Lakshmi Ganesha idol pair seated on ornate drum-shaped seats…","HM-LG-29 — Lakshmi Ganesha Silver Idol Pair on Drum Seats","Idols","Lakshmi Ganesha Silver Idol Pair on Drum Seats","HM-LG-29","99.80%","200 g","Height: 5 in","false","false","1"
"https://www.ddasilver.com/products/lakshmi-ganesha-silver-idol-pair-floral-arches","200","https://www.ddasilver.com/products/lakshmi-ganesha-silver-idol-pair-floral-arches","Lakshmi Ganesha Silver Idol Pair with Floral… | DDA Silver","false","true","Lakshmi Ganesha Silver Idol Pair with Floral Arches at DDA Silver in Agra. A hollow 99.80% pure silver Lakshmi Ganesha idol pair seated on lotus bases within…","HM-LG-4 — Lakshmi Ganesha Silver Idol Pair with Floral Arches","Idols","Lakshmi Ganesha Silver Idol Pair with Floral Arches","HM-LG-4","99.80%","12 g","Height: 1.5 in","false","false","1"
"https://www.ddasilver.com/products/lakshmi-ganesha-silver-idol-pair-lotus-bases-40g","200","https://www.ddasilver.com/products/lakshmi-ganesha-silver-idol-pair-lotus-bases-40g","Lakshmi Ganesha Silver Idol Pair on Lotus… | DDA Silver","true","true","Lakshmi Ganesha Silver Idol Pair on Lotus Bases at DDA Silver in Agra. A hollow 99.80% pure silver Lakshmi Ganesha idol pair seated on matching lotus bases…","HM-LG-2 — Lakshmi Ganesha Silver Idol Pair on Lotus Bases","Idols","Lakshmi Ganesha Silver Idol Pair on Lotus Bases","HM-LG-2","99.80%","40 g","Height: 3 in","false","false","1"
"https://www.ddasilver.com/products/lakshmi-ganesha-silver-idol-pair-lotus-bases-large","200","https://www.ddasilver.com/products/lakshmi-ganesha-silver-idol-pair-lotus-bases-large","Lakshmi Ganesha Silver Idol Pair on Lotus… | DDA Silver","true","true","Lakshmi Ganesha Silver Idol Pair on Lotus Bases at DDA Silver in Agra. A hollow 99.80% pure silver Lakshmi Ganesha idol pair seated on broad lotus bases with…","HM-LG-27 — Lakshmi Ganesha Silver Idol Pair on Lotus Bases","Idols","Lakshmi Ganesha Silver Idol Pair on Lotus Bases","HM-LG-27","99.80%","150 g","Height: 4.5 in","false","false","1"
"https://www.ddasilver.com/products/lakshmi-ganesha-silver-idol-pair-lotus-seats","200","https://www.ddasilver.com/products/lakshmi-ganesha-silver-idol-pair-lotus-seats","Lakshmi Ganesha Silver Idol Pair on Lotus… | DDA Silver","true","true","Lakshmi Ganesha Silver Idol Pair on Lotus Seats at DDA Silver in Agra. A hollow 99.80% pure silver Lakshmi and Ganesha idol pair seated on matching compact…","HM-LG-30 — Lakshmi Ganesha Silver Idol Pair on Lotus Seats","Idols","Lakshmi Ganesha Silver Idol Pair on Lotus Seats","HM-LG-30","99.80%","40 g","Height: 2.5 in","false","false","1"
"https://www.ddasilver.com/products/lakshmi-ganesha-silver-idol-pair-modak","200","https://www.ddasilver.com/products/lakshmi-ganesha-silver-idol-pair-modak","Lakshmi Ganesha Silver Idol Pair with Modak in… | DDA Silver","false","true","Lakshmi Ganesha Silver Idol Pair with Modak at DDA Silver in Agra. A hollow 99.80% pure silver Lakshmi Ganesha idol pair on lotus bases with Ganesha holding a…","HM-LG-21 — Lakshmi Ganesha Silver Idol Pair with Modak","Idols","Lakshmi Ganesha Silver Idol Pair with Modak","HM-LG-21","99.80%","110 g","Height: 4 in","false","false","1"
"https://www.ddasilver.com/products/lakshmi-ganesha-silver-idol-pair-ornate-thrones","200","https://www.ddasilver.com/products/lakshmi-ganesha-silver-idol-pair-ornate-thrones","Lakshmi Ganesha Silver Idol Pair on Ornate… | DDA Silver","false","true","Lakshmi Ganesha Silver Idol Pair on Ornate Thrones at DDA Silver in Agra. A hollow 99.80% pure silver Lakshmi Ganesha idol pair seated on matching ornate…","HM-LG-18 — Lakshmi Ganesha Silver Idol Pair on Ornate Thrones","Idols","Lakshmi Ganesha Silver Idol Pair on Ornate Thrones","HM-LG-18","99.80%","200 g","Height: 5 in","false","false","1"
"https://www.ddasilver.com/products/lakshmi-ganesha-silver-idol-pair-owl-mouse-105g","200","https://www.ddasilver.com/products/lakshmi-ganesha-silver-idol-pair-owl-mouse-105g","Lakshmi Ganesha Silver Idol Pair with Owl and… | DDA Silver","false","true","Lakshmi Ganesha Silver Idol Pair with Owl and Mouse at DDA Silver in Agra. A hollow 99.80% pure silver Lakshmi Ganesha idol pair on layered lotus bases…","HM-LG-20 — Lakshmi Ganesha Silver Idol Pair with Owl and Mouse","Idols","Lakshmi Ganesha Silver Idol Pair with Owl and Mouse","HM-LG-20","99.80%","105 g","Height: 4 in","false","false","1"
"https://www.ddasilver.com/products/lakshmi-ganesha-silver-idol-pair-painted-garlands-55g","200","https://www.ddasilver.com/products/lakshmi-ganesha-silver-idol-pair-painted-garlands-55g","Lakshmi Ganesha Silver Idol Pair with Painted… | DDA Silver","false","true","Lakshmi Ganesha Silver Idol Pair with Painted Garlands at DDA Silver in Agra. A hollow 99.80% pure silver Lakshmi Ganesha idol pair on lotus bases with red…","HM-LG-13 — Lakshmi Ganesha Silver Idol Pair with Painted Garlands","Idols","Lakshmi Ganesha Silver Idol Pair with Painted Garlands","HM-LG-13","99.80%","55 g","Height: 3 in","false","false","1"
"https://www.ddasilver.com/products/lakshmi-ganesha-silver-idol-pair-red-green-garlands","200","https://www.ddasilver.com/products/lakshmi-ganesha-silver-idol-pair-red-green-garlands","Lakshmi Ganesha Silver Idol Pair with Red and… | DDA Silver","false","true","Lakshmi Ganesha Silver Idol Pair with Red and Green Garlands at DDA Silver in Agra. A hollow 99.80% pure silver Lakshmi Ganesha idol pair on lotus bases with…","HM-LG-22 — Lakshmi Ganesha Silver Idol Pair with Red and Green Garlands","Idols","Lakshmi Ganesha Silver Idol Pair with Red and Green Garlands","HM-LG-22","99.80%","130 g","Height: 5 in","false","false","1"
"https://www.ddasilver.com/products/lakshmi-ganesha-silver-idol-pair-riding-elephants","200","https://www.ddasilver.com/products/lakshmi-ganesha-silver-idol-pair-riding-elephants","Lakshmi Ganesha Silver Idol Pair Riding… | DDA Silver","false","true","Lakshmi Ganesha Silver Idol Pair Riding Elephants at DDA Silver in Agra. A hollow 99.80% pure silver Lakshmi Ganesha idol pair, each deity seated above a…","HM-LG-25 — Lakshmi Ganesha Silver Idol Pair Riding Elephants","Idols","Lakshmi Ganesha Silver Idol Pair Riding Elephants","HM-LG-25","99.80%","120 g","Height: 4.5 in","false","false","1"
"https://www.ddasilver.com/products/lakshmi-ganesha-silver-idol-pair-round-pedestals","200","https://www.ddasilver.com/products/lakshmi-ganesha-silver-idol-pair-round-pedestals","Lakshmi Ganesha Silver Idol Pair on Round… | DDA Silver","false","true","Lakshmi Ganesha Silver Idol Pair on Round Pedestals at DDA Silver in Agra. A hollow 99.80% pure silver Lakshmi Ganesha idol pair seated on matching engraved…","HM-LG-1 — Lakshmi Ganesha Silver Idol Pair on Round Pedestals","Idols","Lakshmi Ganesha Silver Idol Pair on Round Pedestals","HM-LG-1","99.80%","100 g","Height: 3.5 in","false","false","1"
"https://www.ddasilver.com/products/lakshmi-ganesha-silver-idol-pair-square-seats","200","https://www.ddasilver.com/products/lakshmi-ganesha-silver-idol-pair-square-seats","Lakshmi Ganesha Silver Idol Pair on Square… | DDA Silver","false","true","Lakshmi Ganesha Silver Idol Pair on Square Seats at DDA Silver in Agra. A hollow 99.80% pure silver Lakshmi Ganesha idol pair seated on compact square seats…","HM-LG-28 — Lakshmi Ganesha Silver Idol Pair on Square Seats","Idols","Lakshmi Ganesha Silver Idol Pair on Square Seats","HM-LG-28","99.80%","100 g","Height: 4 in","false","false","1"
"https://www.ddasilver.com/products/lakshmi-ganesha-silver-idol-pair-tall-lotus-pedestals","200","https://www.ddasilver.com/products/lakshmi-ganesha-silver-idol-pair-tall-lotus-pedestals","Lakshmi Ganesha Silver Idol Pair on Tall Lotus… | DDA Silver","false","true","Lakshmi Ganesha Silver Idol Pair on Tall Lotus Pedestals at DDA Silver in Agra. A hollow 99.80% pure silver Lakshmi Ganesha idol pair seated on tall layered…","HM-LG-19 — Lakshmi Ganesha Silver Idol Pair on Tall Lotus Pedestals","Idols","Lakshmi Ganesha Silver Idol Pair on Tall Lotus Pedestals","HM-LG-19","99.80%","125 g","Height: 5 in","false","false","1"
"https://www.ddasilver.com/products/lakshmi-narayan-silver-idol-on-sheshnag","200","https://www.ddasilver.com/products/lakshmi-narayan-silver-idol-on-sheshnag","Lakshmi Narayan Silver Idol on Sheshnag in Agra | DDA Silver","false","false","Lakshmi Narayan Silver Idol on Sheshnag at DDA Silver in Agra. A hollow 99.80% pure silver Lakshmi Narayan idol seated beneath the Sheshnag canopy. Weight: 20…","HM-LN-1 — Lakshmi Narayan Silver Idol on Sheshnag","Idols","Lakshmi Narayan Silver Idol on Sheshnag","HM-LN-1","99.80%","20 g","Height: 3 in","false","false","1"
"https://www.ddasilver.com/products/lakshmi-narayan-silver-idol-pair-lotus-bases","200","https://www.ddasilver.com/products/lakshmi-narayan-silver-idol-pair-lotus-bases","Lakshmi Narayan Silver Idol Pair on Lotus… | DDA Silver","false","true","Lakshmi Narayan Silver Idol Pair on Lotus Bases at DDA Silver in Agra. A hollow 99.80% pure silver Lakshmi Narayan idol pair with four-arm forms, lotus bases…","HM-LN-4 — Lakshmi Narayan Silver Idol Pair on Lotus Bases","Idols","Lakshmi Narayan Silver Idol Pair on Lotus Bases","HM-LN-4","99.80%","105 g","Height: 5 in","false","false","1"
"https://www.ddasilver.com/products/lakshmi-relief-silver-glass-pair","200","https://www.ddasilver.com/products/lakshmi-relief-silver-glass-pair","Lakshmi-Relief Silver Glass Pair in Agra | DDA Silver","false","false","Lakshmi-Relief Silver Glass Pair at DDA Silver in Agra. A matching pair of silver glasses weighing 400 g and standing 4 in high, with polished rims, floral…","Lakshmi-Relief Silver Glass Pair","Utensils","Lakshmi-Relief Silver Glass Pair","DDA-UT-GL-111","92.5%","400 g","Height: 4 in","false","false","1"
"https://www.ddasilver.com/products/lakshmi-relief-silver-kalash","200","https://www.ddasilver.com/products/lakshmi-relief-silver-kalash","Lakshmi-Relief Silver Kalash in Agra | DDA Silver","false","false","Lakshmi-Relief Silver Kalash at DDA Silver in Agra. A silver kalash weighing 500 g and standing 5 in high, with a wide polished rim, engraved neck, seated…","Lakshmi-Relief Silver Kalash","Utensils","Lakshmi-Relief Silver Kalash","DDA-UT-KL-109","92.5%","500 g","Height: 5 in","false","false","1"
"https://www.ddasilver.com/products/large-concentric-line-silver-plate","200","https://www.ddasilver.com/products/large-concentric-line-silver-plate","Large Concentric-Line Silver Plate in Agra | DDA Silver","false","false","Large Concentric-Line Silver Plate at DDA Silver in Agra. Large Concentric-Line Silver Plate in 99.80% pure silver, featuring a generous rounded surface and…","Large Concentric-Line Silver Plate","Utensils","Large Concentric-Line Silver Plate","DDA-UT-PL-47","99.80%","200 g","Diameter: 8 in","false","false","1"
"https://www.ddasilver.com/products/large-crawling-bal-krishna-silver-idol","200","https://www.ddasilver.com/products/large-crawling-bal-krishna-silver-idol","Large Crawling Bal Krishna Silver Idol in Agra | DDA Silver","false","false","Large Crawling Bal Krishna Silver Idol at DDA Silver in Agra. A hollow 99.80% pure silver crawling Bal Krishna idol with hand-painted devotional details…","HM-BK-8 — Large Crawling Bal Krishna Silver Idol","Idols","Large Crawling Bal Krishna Silver Idol","HM-BK-8","99.80%","65 g","Height: 5 in","false","false","1"
"https://www.ddasilver.com/products/large-gold-neck-swastik-om-silver-nariyal","200","https://www.ddasilver.com/products/large-gold-neck-swastik-om-silver-nariyal","Large Gold-Neck Swastik Om Silver Nariyal in… | DDA Silver","false","true","Large Gold-Neck Swastik Om Silver Nariyal at DDA Silver in Agra. A large ceremonial silver nariyal with a gold-toned neck, Swastik and Om panels and polished…","Large Gold-Neck Swastik Om Silver Nariyal","Gifts","Large Gold-Neck Swastik Om Silver Nariyal","NY-08","92.5%","100 g","Height: 6 in","false","false","1"
"https://www.ddasilver.com/products/large-lakshmi-ganesha-silver-idol-pair-tiered-lotus-bases","200","https://www.ddasilver.com/products/large-lakshmi-ganesha-silver-idol-pair-tiered-lotus-bases","Large Lakshmi Ganesha Silver Idol Pair on… | DDA Silver","false","true","Large Lakshmi Ganesha Silver Idol Pair on Tiered Lotus Bases at DDA Silver in Agra. A hollow 99.80% pure silver large-format Lakshmi Ganesha idol pair seated…","HM-LG-15 — Large Lakshmi Ganesha Silver Idol Pair on Tiered Lotus Bases","Idols","Large Lakshmi Ganesha Silver Idol Pair on Tiered Lotus Bases","HM-LG-15","99.80%","500 g","Height: 7 in","false","false","1"
"https://www.ddasilver.com/products/large-lidded-linear-silver-jug","200","https://www.ddasilver.com/products/large-lidded-linear-silver-jug","Large Lidded Linear Silver Jug in Agra | DDA Silver","false","false","Large Lidded Linear Silver Jug at DDA Silver in Agra. Large Lidded Linear Silver Jug in 99.80% pure silver, featuring a tall lidded body, generous handle and…","Large Lidded Linear Silver Jug","Utensils","Large Lidded Linear Silver Jug","DDA-UT-JG-75","99.80%","500 g","Height: 8 in","false","false","1"
"https://www.ddasilver.com/products/large-ornate-peacock-floral-silver-jhula","200","https://www.ddasilver.com/products/large-ornate-peacock-floral-silver-jhula","Large Ornate Peacock Floral Silver Jhula in Agra | DDA Silver","false","false","Large Ornate Peacock Floral Silver Jhula at DDA Silver in Agra. A large 92.5% silver peacock jhula weighing approximately 1967 g, with a 10 × 9 inch singhasan…","Large Ornate Peacock Floral Silver Jhula","Jhula","Large Ornate Peacock Floral Silver Jhula","JH-10","92.5%","1967 g","Singhasan dimensions: 10 × 9 in","false","false","1"
"https://www.ddasilver.com/products/large-painted-ram-darbar-silver-idol-set-lotus-bases","200","https://www.ddasilver.com/products/large-painted-ram-darbar-silver-idol-set-lotus-bases","Large Painted Ram Darbar Silver Idol Set on… | DDA Silver","false","true","Large Painted Ram Darbar Silver Idol Set on Lotus Bases at DDA Silver in Agra. A large hollow 99.80% pure silver Ram Darbar set in bright multicolour attire…","HM-RM-6 — Large Painted Ram Darbar Silver Idol Set on Lotus Bases","Idols","Large Painted Ram Darbar Silver Idol Set on Lotus Bases","HM-RM-6","99.80%","500 g","Height: 7.5 in","false","false","1"
"https://www.ddasilver.com/products/large-radha-krishna-silver-idol-pair-lotus-bases","200","https://www.ddasilver.com/products/large-radha-krishna-silver-idol-pair-lotus-bases","Large Radha Krishna Silver Idol Pair on Lotus… | DDA Silver","false","true","Large Radha Krishna Silver Idol Pair on Lotus Bases at DDA Silver in Agra. A large hollow 99.80% pure silver Radha Krishna pair with Krishna playing the flute…","HM-RK-15 — Large Radha Krishna Silver Idol Pair on Lotus Bases","Idols","Large Radha Krishna Silver Idol Pair on Lotus Bases","HM-RK-15","99.80%","570 g","Height: 8 in","false","false","1"
"https://www.ddasilver.com/products/large-ram-darbar-silver-idol-set-lotus-bases","200","https://www.ddasilver.com/products/large-ram-darbar-silver-idol-set-lotus-bases","Large Ram Darbar Silver Idol Set on Lotus… | DDA Silver","false","true","Large Ram Darbar Silver Idol Set on Lotus Bases at DDA Silver in Agra. A large hollow 99.80% pure silver Ram Darbar set with detailed gold-toned accents on…","HM-RM-5 — Large Ram Darbar Silver Idol Set on Lotus Bases","Idols","Large Ram Darbar Silver Idol Set on Lotus Bases","HM-RM-5","99.80%","550 g","Height: 7.5 in","false","false","1"
"https://www.ddasilver.com/products/large-serving-silver-bowl","200","https://www.ddasilver.com/products/large-serving-silver-bowl","Large Serving Silver Bowl in Agra | DDA Silver","false","false","Large Serving Silver Bowl at DDA Silver in Agra. A large serving bowl in confirmed 99.80% pure silver, with a supplied weight of 200 g and diameter of 8 in.","Large Serving Silver Bowl","Utensils","Large Serving Silver Bowl","","99.80%","200 g","Diameter: 8 in","false","true","1"
"https://www.ddasilver.com/products/large-six-inch-rounded-silver-kalash","200","https://www.ddasilver.com/products/large-six-inch-rounded-silver-kalash","Large Six-Inch Rounded Silver Kalash in Agra | DDA Silver","false","false","Large Six-Inch Rounded Silver Kalash at DDA Silver in Agra. Large Six-Inch Rounded Silver Kalash in 99.80% pure silver, featuring a large six-inch silhouette…","Large Six-Inch Rounded Silver Kalash","Utensils","Large Six-Inch Rounded Silver Kalash","DDA-UT-KL-88","99.80%","500 g","Height: 6 in","false","false","1"
"https://www.ddasilver.com/products/large-swastik-om-silver-nariyal","200","https://www.ddasilver.com/products/large-swastik-om-silver-nariyal","Large Swastik Om Silver Nariyal in Agra | DDA Silver","false","false","Large Swastik Om Silver Nariyal at DDA Silver in Agra. A large ceremonial silver nariyal with an engraved Swastik upper panel, Om lower panel and wide centre…","Large Swastik Om Silver Nariyal","Gifts","Large Swastik Om Silver Nariyal","NY-07","92.5%","100 g","Height: 6 in","false","false","1"
"https://www.ddasilver.com/products/lattice-floral-four-glass-silver-lemon-set","200","https://www.ddasilver.com/products/lattice-floral-four-glass-silver-lemon-set","Lattice Floral Four-Glass Silver Lemon Set in… | DDA Silver","false","true","Lattice Floral Four-Glass Silver Lemon Set at DDA Silver in Agra. A five-piece 92.5% silver lemon set with a panelled lidded jug and four matching glasses…","Lattice Floral Four-Glass Silver Lemon Set","Utensils","Lattice Floral Four-Glass Silver Lemon Set","DDA-UT-JG-93","92.5%","1500 g","","false","false","1"
"https://www.ddasilver.com/products/leaf-bar-four-column-silver-jhula","200","https://www.ddasilver.com/products/leaf-bar-four-column-silver-jhula","Leaf Bar Four-column Silver Jhula in Agra | DDA Silver","false","false","Leaf Bar Four-column Silver Jhula at DDA Silver in Agra. A 92.5% silver leaf-bar jhula weighing 1017 g, with a 7 × 5 inch singhasan measured left-to-right ×…","Leaf Bar Four-column Silver Jhula","Jhula","Leaf Bar Four-column Silver Jhula","JH-04","92.5%","1017 g","Singhasan dimensions: 7 × 5 in","false","false","1"
"https://www.ddasilver.com/products/leaf-base-pedestal-silver-serving-bowl","200","https://www.ddasilver.com/products/leaf-base-pedestal-silver-serving-bowl","Leaf-Base Pedestal Silver Serving Bowl in Agra | DDA Silver","false","false","Leaf-Base Pedestal Silver Serving Bowl at DDA Silver in Agra. A round pedestal silver serving bowl with floral rim and leaf-shaped base. Weight: 431 g…","Leaf-Base Pedestal Silver Serving Bowl","Utensils","Leaf-Base Pedestal Silver Serving Bowl","DDA-UT-BW-106","92.5%","431 g","Height: 5.5 in | Diameter: 8.5 in","false","false","1"
"https://www.ddasilver.com/products/leaf-petal-thali-set-10in-400g","200","https://www.ddasilver.com/products/leaf-petal-thali-set-10in-400g","DDA 10 Inch Leaf Petal Pooja Thali Set in Agra | DDA Silver","false","false","DDA 10 Inch Leaf Petal Pooja Thali Set at DDA Silver in Agra. A 400 gram, 10-inch Pooja Thali Set in confirmed 92.5% silver with a leaf-and-petal tray design…","DDA 10 Inch Leaf Petal Pooja Thali Set","Utensils","DDA 10 Inch Leaf Petal Pooja Thali Set","DDA-UT-PT-2208","92.5%","400 g","Diameter: 10 in","false","false","1"
"https://www.ddasilver.com/products/leaf-rim-puja-thali-set","200","https://www.ddasilver.com/products/leaf-rim-puja-thali-set","Leaf-Rim Puja Thali Set in Agra | DDA Silver","false","false","Leaf-Rim Puja Thali Set at DDA Silver in Agra. A silver puja thali with an embossed leaf rim, kalash, bell and two bowls. Weight: 950 g. Diameter: 11 in…","Leaf-Rim Puja Thali Set","Utensils","Leaf-Rim Puja Thali Set","DDA-UT-PT-1","92.5%","950 g","Diameter: 11 in","false","false","1"
"https://www.ddasilver.com/products/lidded-linear-silver-jug","200","https://www.ddasilver.com/products/lidded-linear-silver-jug","Lidded Linear Silver Jug in Agra | DDA Silver","false","false","Lidded Linear Silver Jug at DDA Silver in Agra. Lidded Linear Silver Jug in 99.80% pure silver, featuring a fitted lid, curved handle and fine horizontal…","Lidded Linear Silver Jug","Utensils","Lidded Linear Silver Jug","DDA-UT-JG-74","99.80%","400 g","Height: 7.5 in","false","false","1"
"https://www.ddasilver.com/products/linear-scroll-silver-spoon","200","https://www.ddasilver.com/products/linear-scroll-silver-spoon","Linear Scroll Silver Spoon in Agra | DDA Silver","false","false","Linear Scroll Silver Spoon at DDA Silver in Agra. A polished linear-pattern spoon in 92.5% pure silver, with a supplied weight of 15 g and height of 4 in.","Linear Scroll Silver Spoon","Utensils","Linear Scroll Silver Spoon","DDA-UT-SP-35","92.5%","15 g","Height: 4 in","false","false","1"
"https://www.ddasilver.com/products/loop-support-peacock-silver-jhula","200","https://www.ddasilver.com/products/loop-support-peacock-silver-jhula","Loop Support Peacock Silver Jhula in Agra | DDA Silver","false","false","Loop Support Peacock Silver Jhula at DDA Silver in Agra. A compact 92.5% silver loop-support jhula weighing 700 g, with a 7 × 5 inch singhasan measured…","Loop Support Peacock Silver Jhula","Jhula","Loop Support Peacock Silver Jhula","JH-05","92.5%","700 g","Singhasan dimensions: 7 × 5 in","false","false","1"
"https://www.ddasilver.com/products/lord-rama-silver-idol-ram-mandir","200","https://www.ddasilver.com/products/lord-rama-silver-idol-ram-mandir","Lord Rama Silver Idol with Ram Mandir in Agra | DDA Silver","false","false","Lord Rama Silver Idol with Ram Mandir at DDA Silver in Agra. A hollow 99.80% pure silver standing Lord Rama idol holding a bow beside a detailed Ram Mandir…","HM-RM-1 — Lord Rama Silver Idol with Ram Mandir","Idols","Lord Rama Silver Idol with Ram Mandir","HM-RM-1","99.80%","315 g","Height: 6 in","false","false","1"
"https://www.ddasilver.com/products/lotus-base-lakshmi-ganesha-semi-solid-silver-idols","200","https://www.ddasilver.com/products/lotus-base-lakshmi-ganesha-semi-solid-silver-idols","Lotus Base Lakshmi Ganesha Semi-solid Silver… | DDA Silver","false","true","Lotus Base Lakshmi Ganesha Semi-solid Silver Idols at DDA Silver in Agra. A semi-solid 92.5% silver Lakshmi Ganesha pair seated on broad individual lotus…","Lotus Base Lakshmi Ganesha Semi-solid Silver Idols","Idols","Lotus Base Lakshmi Ganesha Semi-solid Silver Idols","SSM-LG-6","92.5%","600 g","Height: 4.5 in","false","false","1"
"https://www.ddasilver.com/products/lotus-ghungroo-thali-set-6in-150g","200","https://www.ddasilver.com/products/lotus-ghungroo-thali-set-6in-150g","DDA 6 Inch Lotus Ghungroo Pooja Thali Set in… | DDA Silver","false","true","DDA 6 Inch Lotus Ghungroo Pooja Thali Set at DDA Silver in Agra. A 150 gram, 6-inch Pooja Thali Set in confirmed 92.5% silver with lotus engraving, hanging…","DDA 6 Inch Lotus Ghungroo Pooja Thali Set","Utensils","DDA 6 Inch Lotus Ghungroo Pooja Thali Set","DDA-UT-PT-2209","92.5%","150 g","Diameter: 6 in","false","false","1"
"https://www.ddasilver.com/products/lotus-rim-puja-thali-set","200","https://www.ddasilver.com/products/lotus-rim-puja-thali-set","Lotus-Rim Puja Thali Set in Agra | DDA Silver","false","false","Lotus-Rim Puja Thali Set at DDA Silver in Agra. A layered silver puja thali with a scalloped lotus rim, central lotus, diya, kalash and two bowls. Weight: 535…","Lotus-Rim Puja Thali Set","Utensils","Lotus-Rim Puja Thali Set","DDA-UT-PT-4","92.5%","535 g","Diameter: 9 in","false","false","1"
"https://www.ddasilver.com/products/low-profile-rounded-silver-kalash","200","https://www.ddasilver.com/products/low-profile-rounded-silver-kalash","Low-Profile Rounded Silver Kalash in Agra | DDA Silver","false","false","Low-Profile Rounded Silver Kalash at DDA Silver in Agra. Low-Profile Rounded Silver Kalash in 99.80% pure silver, featuring a low rounded profile with fine…","Low-Profile Rounded Silver Kalash","Utensils","Low-Profile Rounded Silver Kalash","DDA-UT-KL-79","99.80%","40 g","Height: 2.2 in","false","false","1"
"https://www.ddasilver.com/products/maharaja-agrasen-silver-idol-on-throne","200","https://www.ddasilver.com/products/maharaja-agrasen-silver-idol-on-throne","Maharaja Agrasen Silver Idol on Throne in Agra | DDA Silver","false","false","Maharaja Agrasen Silver Idol on Throne at DDA Silver in Agra. A hollow 99.80% pure silver Maharaja Agrasen idol seated beneath a royal canopy on a…","HM-MA-1 — Maharaja Agrasen Silver Idol on Throne","Idols","Maharaja Agrasen Silver Idol on Throne","HM-MA-1","99.80%","125 g","Height: 5 in","false","false","1"
"https://www.ddasilver.com/products/mahavir-navkar-mantra-round-silver-coin","200","https://www.ddasilver.com/products/mahavir-navkar-mantra-round-silver-coin","DDA Mahavir Navkar Mantra Round Silver Coin in… | DDA Silver","false","true","DDA Mahavir Navkar Mantra Round Silver Coin at DDA Silver in Agra. A 10 gram silver piece featuring Mahavir imagery encircled by Navkar Mantra lettering…","DDA Mahavir Navkar Mantra Round Silver Coin","Coin","DDA Mahavir Navkar Mantra Round Silver Coin","DDA-COIN-20260822-038","99.80%","10 g","","false","false","1"
"https://www.ddasilver.com/products/mahavir-silver-idol-arched-shrine","200","https://www.ddasilver.com/products/mahavir-silver-idol-arched-shrine","Mahavir Silver Idol Seated in Arched Shrine in… | DDA Silver","false","true","Mahavir Silver Idol Seated in Arched Shrine at DDA Silver in Agra. A hollow 99.80% pure silver seated Mahavir idol in a meditation posture within a stepped…","HM-MH-1 — Mahavir Silver Idol Seated in Arched Shrine","Idols","Mahavir Silver Idol Seated in Arched Shrine","HM-MH-1","99.80%","40 g","Height: 3.5 in","false","false","1"
"https://www.ddasilver.com/products/makhan-chor-bal-krishna-oval-base","200","https://www.ddasilver.com/products/makhan-chor-bal-krishna-oval-base","Makhan Chor Bal Krishna Silver Idol on Oval… | DDA Silver","false","true","Makhan Chor Bal Krishna Silver Idol on Oval Base at DDA Silver in Agra. A hollow 99.80% pure silver Bal Krishna idol seated beside an overturned butter pot on…","HM-BK-13 — Makhan Chor Bal Krishna Silver Idol on Oval Base","Idols","Makhan Chor Bal Krishna Silver Idol on Oval Base","HM-BK-13","99.80%","35 g","Height: 3 in","false","false","1"
"https://www.ddasilver.com/products/meditating-shiva-silver-idol","200","https://www.ddasilver.com/products/meditating-shiva-silver-idol","Meditating Shiva Silver Idol in Agra | DDA Silver","false","false","Meditating Shiva Silver Idol at DDA Silver in Agra. A hollow 99.80% pure silver Shiva idol in a meditative seated pose. Weight: 15 g. Height: 2 in.","HM-SH-1 — Meditating Shiva Silver Idol","Idols","Meditating Shiva Silver Idol","HM-SH-1","99.80%","15 g","Height: 2 in","false","false","1"
"https://www.ddasilver.com/products/medium-concentric-line-silver-plate","200","https://www.ddasilver.com/products/medium-concentric-line-silver-plate","Medium Concentric-Line Silver Plate in Agra | DDA Silver","false","false","Medium Concentric-Line Silver Plate at DDA Silver in Agra. Medium Concentric-Line Silver Plate in 99.80% pure silver, featuring a balanced round profile with…","Medium Concentric-Line Silver Plate","Utensils","Medium Concentric-Line Silver Plate","DDA-UT-PL-44","99.80%","100 g","Diameter: 5.5 in","false","false","1"
"https://www.ddasilver.com/products/mid-band-silver-tumbler","200","https://www.ddasilver.com/products/mid-band-silver-tumbler","Mid-Band Silver Glass in Agra | DDA Silver","false","false","Mid-Band Silver Glass at DDA Silver in Agra. A mid-band glass in confirmed 99.80% pure silver, with a supplied weight of 150 g and height of 4.5 in.","Mid-Band Silver Glass","Utensils","Mid-Band Silver Glass","","99.80%","150 g","Height: 4.5 in","false","true","1"
"https://www.ddasilver.com/products/mini-concentric-line-silver-plate","200","https://www.ddasilver.com/products/mini-concentric-line-silver-plate","Mini Concentric-Line Silver Plate in Agra | DDA Silver","false","false","Mini Concentric-Line Silver Plate at DDA Silver in Agra. Mini Concentric-Line Silver Plate in 99.80% pure silver, featuring a compact raised rim and fine…","Mini Concentric-Line Silver Plate","Utensils","Mini Concentric-Line Silver Plate","DDA-UT-PL-42","99.80%","50 g","Diameter: 4 in","false","false","1"
"https://www.ddasilver.com/products/mini-kamdhenu-silver-idol-floral-blanket","200","https://www.ddasilver.com/products/mini-kamdhenu-silver-idol-floral-blanket","Mini Kamdhenu Silver Idol with Floral Blanket… | DDA Silver","false","true","Mini Kamdhenu Silver Idol with Floral Blanket at DDA Silver in Agra. A miniature hollow 99.80% pure silver Kamdhenu cow-and-calf idol with a floral-textured…","HM-KM-9 — Mini Kamdhenu Silver Idol with Floral Blanket","Idols","Mini Kamdhenu Silver Idol with Floral Blanket","HM-KM-9","99.80%","10 g","Height: 1 in","false","false","1"
"https://www.ddasilver.com/products/mini-kamdhenu-silver-idol-gold-saddle-cloth","200","https://www.ddasilver.com/products/mini-kamdhenu-silver-idol-gold-saddle-cloth","Mini Kamdhenu Silver Idol with Gold Saddle… | DDA Silver","false","true","Mini Kamdhenu Silver Idol with Gold Saddle Cloth at DDA Silver in Agra. A miniature hollow 99.80% pure silver Kamdhenu cow-and-calf idol with a gold-toned…","HM-KM-10 — Mini Kamdhenu Silver Idol with Gold Saddle Cloth","Idols","Mini Kamdhenu Silver Idol with Gold Saddle Cloth","HM-KM-10","99.80%","15 g","Height: 1 in","false","false","1"
"https://www.ddasilver.com/products/mini-linear-silver-bowl","200","https://www.ddasilver.com/products/mini-linear-silver-bowl","Mini Linear Silver Bowl in Agra | DDA Silver","false","false","Mini Linear Silver Bowl at DDA Silver in Agra. A compact linear bowl in confirmed 99.80% pure silver, with a supplied weight of 10 g and diameter of 2 in.","Mini Linear Silver Bowl","Utensils","Mini Linear Silver Bowl","","99.80%","10 g","Diameter: 2 in","false","true","1"
"https://www.ddasilver.com/products/mini-raised-centre-silver-plate","200","https://www.ddasilver.com/products/mini-raised-centre-silver-plate","Mini Raised-Centre Silver Plate in Agra | DDA Silver","false","false","Mini Raised-Centre Silver Plate at DDA Silver in Agra. Mini Raised-Centre Silver Plate in 99.80% pure silver, featuring a miniature round form with a subtly…","Mini Raised-Centre Silver Plate","Utensils","Mini Raised-Centre Silver Plate","DDA-UT-PL-53","99.80%","10 g","Diameter: 2 in","false","false","1"
"https://www.ddasilver.com/products/mini-rounded-silver-kalash","200","https://www.ddasilver.com/products/mini-rounded-silver-kalash","Mini Rounded Silver Kalash in Agra | DDA Silver","false","false","Mini Rounded Silver Kalash at DDA Silver in Agra. Mini Rounded Silver Kalash in 99.80% pure silver, featuring a miniature rounded belly, narrow neck and…","Mini Rounded Silver Kalash","Utensils","Mini Rounded Silver Kalash","DDA-UT-KL-76","99.80%","25 g","Height: 2 in","false","false","1"
"https://www.ddasilver.com/products/miniature-deity-floral-lid-silver-sindoor-dani","200","https://www.ddasilver.com/products/miniature-deity-floral-lid-silver-sindoor-dani","Miniature Deity Floral Lid Silver Sindoor Dani… | DDA Silver","false","true","Miniature Deity Floral Lid Silver Sindoor Dani at DDA Silver in Agra. A compact 92.5% silver Sindoor Dani with miniature deity relief, floral scrollwork and…","Miniature Deity Floral Lid Silver Sindoor Dani","Gifts","Miniature Deity Floral Lid Silver Sindoor Dani","SD-05","92.5%","65 g","Height: 2 in","false","false","1"
"https://www.ddasilver.com/products/miniature-fish-silver-figurine-pair","200","https://www.ddasilver.com/products/miniature-fish-silver-figurine-pair","Miniature Fish Silver Figurine Pair in Agra | DDA Silver","false","false","Miniature Fish Silver Figurine Pair at DDA Silver in Agra. A hollow 99.80% pure silver pair of facing fish figurines with engraved scales and contrasting fin…","HM-FS-3 — Miniature Fish Silver Figurine Pair","Idols","Miniature Fish Silver Figurine Pair","HM-FS-3","99.80%","5 g","Height: 1 in","false","false","1"
"https://www.ddasilver.com/products/miniature-gold-accent-crawling-bal-krishna","200","https://www.ddasilver.com/products/miniature-gold-accent-crawling-bal-krishna","Miniature Gold-Accent Crawling Bal Krishna… | DDA Silver","false","true","Miniature Gold-Accent Crawling Bal Krishna Silver Idol at DDA Silver in Agra. A compact hollow 99.80% pure silver crawling Bal Krishna idol with a laddoo…","HM-BK-19 — Miniature Gold-Accent Crawling Bal Krishna Silver Idol","Idols","Miniature Gold-Accent Crawling Bal Krishna Silver Idol","HM-BK-19","99.80%","15 g","Height: 2.5 in","false","false","1"
"https://www.ddasilver.com/products/miniature-hanuman-silver-idol-trio","200","https://www.ddasilver.com/products/miniature-hanuman-silver-idol-trio","Miniature Hanuman Silver Idol Trio in Agra | DDA Silver","false","false","Miniature Hanuman Silver Idol Trio at DDA Silver in Agra. A hollow 99.80% pure silver trio of miniature Hanuman idols with varied painted and gold-toned…","HM-HN-6 — Miniature Hanuman Silver Idol Trio","Idols","Miniature Hanuman Silver Idol Trio","HM-HN-6","99.80%","10 g","Height: 2 in","false","false","1"
"https://www.ddasilver.com/products/miniature-kamdhenu-silver-idol-textured-blanket","200","https://www.ddasilver.com/products/miniature-kamdhenu-silver-idol-textured-blanket","Miniature Kamdhenu Silver Idol with Textured… | DDA Silver","false","true","Miniature Kamdhenu Silver Idol with Textured Blanket at DDA Silver in Agra. A compact hollow 99.80% pure silver Kamdhenu cow-and-calf idol with a finely…","HM-KM-4 — Miniature Kamdhenu Silver Idol with Textured Blanket","Idols","Miniature Kamdhenu Silver Idol with Textured Blanket","HM-KM-4","99.80%","10 g","Height: 1 in","false","false","1"
"https://www.ddasilver.com/products/miniature-om-flag-silver-hatri","200","https://www.ddasilver.com/products/miniature-om-flag-silver-hatri","Miniature Om-Flag Silver Hatri in Agra | DDA Silver","false","false","Miniature Om-Flag Silver Hatri at DDA Silver in Agra. A miniature single-chamber silver Hatri with an Om flag and four ritual cups for Diwali puja. Weight…","Miniature Om-Flag Silver Hatri","Gifts","Miniature Om-Flag Silver Hatri","DDA-GF-PICS-21","92.5%","125 g","Height: 6 in","false","false","1"
"https://www.ddasilver.com/products/minimal-band-silver-tumbler","200","https://www.ddasilver.com/products/minimal-band-silver-tumbler","Minimal-Band Silver Glass in Agra | DDA Silver","false","false","Minimal-Band Silver Glass at DDA Silver in Agra. A minimal-band glass in confirmed 99.80% pure silver, with a supplied weight of 60 g and height of 4 in.","Minimal-Band Silver Glass","Utensils","Minimal-Band Silver Glass","","99.80%","60 g","Height: 4 in","false","true","1"
"https://www.ddasilver.com/products/mountain-and-mace-hanuman-semi-solid-silver-idol","200","https://www.ddasilver.com/products/mountain-and-mace-hanuman-semi-solid-silver-idol","Mountain and Mace Hanuman Semi-solid Silver… | DDA Silver","false","true","Mountain and Mace Hanuman Semi-solid Silver Idol at DDA Silver in Agra. A semi-solid 92.5% silver standing Hanuman holding the mountain and mace on a textured…","Mountain and Mace Hanuman Semi-solid Silver Idol","Idols","Mountain and Mace Hanuman Semi-solid Silver Idol","SSM-HN-3","92.5%","300 g","Height: 6 in","false","false","1"
"https://www.ddasilver.com/products/multi-ring-silver-tumbler","200","https://www.ddasilver.com/products/multi-ring-silver-tumbler","Multi-Ring Silver Glass in Agra | DDA Silver","false","false","Multi-Ring Silver Glass at DDA Silver in Agra. A multi-ring glass in confirmed 99.80% pure silver, with a supplied weight of 50 g and height of 3.5 in.","Multi-Ring Silver Glass","Utensils","Multi-Ring Silver Glass","","99.80%","50 g","Height: 3.5 in","false","true","1"
"https://www.ddasilver.com/products/multicolor-enamel-petal-thali-set-9in-765g","200","https://www.ddasilver.com/products/multicolor-enamel-petal-thali-set-9in-765g","DDA 9 Inch Multicolor Enamel Petal Pooja Thali… | DDA Silver","false","true","DDA 9 Inch Multicolor Enamel Petal Pooja Thali Set at DDA Silver in Agra. A 765 gram, 9-inch Pooja Thali Set in confirmed 92.5% silver with a multicolor…","DDA 9 Inch Multicolor Enamel Petal Pooja Thali Set","Utensils","DDA 9 Inch Multicolor Enamel Petal Pooja Thali Set","DDA-UT-PT-2201","92.5%","765 g","Diameter: 9 in","false","false","1"
"https://www.ddasilver.com/products/om-flag-domed-silver-hatri","200","https://www.ddasilver.com/products/om-flag-domed-silver-hatri","Om-Flag Domed Silver Hatri in Agra | DDA Silver","false","false","Om-Flag Domed Silver Hatri at DDA Silver in Agra. A domed house-shaped silver Hatri with an Om flag and four ritual cups for Diwali puja. Weight: 450 g…","Om-Flag Domed Silver Hatri","Gifts","Om-Flag Domed Silver Hatri","DDA-GF-PICS-16","92.5%","450 g","Height: 11 in","false","false","1"
"https://www.ddasilver.com/products/om-purple-stone-rectangular-silver-sindoor-dani","200","https://www.ddasilver.com/products/om-purple-stone-rectangular-silver-sindoor-dani","Om Purple Stone Rectangular Silver Sindoor… | DDA Silver","false","true","Om Purple Stone Rectangular Silver Sindoor Dani at DDA Silver in Agra. A rectangular rounded 92.5% silver Sindoor Dani with purple-stone bands, Om motifs…","Om Purple Stone Rectangular Silver Sindoor Dani","Gifts","Om Purple Stone Rectangular Silver Sindoor Dani","SD-08","92.5%","","","true","false","1"
"https://www.ddasilver.com/products/om-shubh-labh-gold-accent-silver-nariyal","200","https://www.ddasilver.com/products/om-shubh-labh-gold-accent-silver-nariyal","Om Shubh Labh Gold-Accent Silver Nariyal in Agra | DDA Silver","false","false","Om Shubh Labh Gold-Accent Silver Nariyal at DDA Silver in Agra. A ceremonial silver nariyal with gold-toned accents and auspicious Om and Shubh Labh motifs…","Om Shubh Labh Gold-Accent Silver Nariyal","Gifts","Om Shubh Labh Gold-Accent Silver Nariyal","NY-01","92.5%","25 g","Height: 3 in","false","false","1"
"https://www.ddasilver.com/products/om-swastik-gold-band-silver-nariyal","200","https://www.ddasilver.com/products/om-swastik-gold-band-silver-nariyal","Om Swastik Gold-Band Silver Nariyal in Agra | DDA Silver","false","false","Om Swastik Gold-Band Silver Nariyal at DDA Silver in Agra. A tall ceremonial silver nariyal with gold-toned Om and Swastik motifs and a broad polished centre…","Om Swastik Gold-Band Silver Nariyal","Gifts","Om Swastik Gold-Band Silver Nariyal","NY-06","92.5%","65 g","Height: 5 in","false","false","1"
"https://www.ddasilver.com/products/openwork-arch-floral-silver-singhasan","200","https://www.ddasilver.com/products/openwork-arch-floral-silver-singhasan","Openwork Arch Floral Silver Singhasan in Agra | DDA Silver","false","false","Openwork Arch Floral Silver Singhasan at DDA Silver in Agra. A silver singhasan weighing 600 g, with an openwork floral arch, engraved seat, curved rails and…","Openwork Arch Floral Silver Singhasan","Gifts","Openwork Arch Floral Silver Singhasan","SG-16","92.5%","600 g","Width: 7 in | Depth: 5 in","false","false","1"
"https://www.ddasilver.com/products/openwork-scroll-silver-purse-450g","200","https://www.ddasilver.com/products/openwork-scroll-silver-purse-450g","DDA 450 Gram Openwork Scroll Silver Purse in… | DDA Silver","false","true","DDA 450 Gram Openwork Scroll Silver Purse at DDA Silver in Agra. A 450 gram purse in confirmed 92.5% silver with openwork floral-scroll filigree and a round…","DDA 450 Gram Openwork Scroll Silver Purse","Purse","DDA 450 Gram Openwork Scroll Silver Purse","PR-2203","92.5%","450 g","","false","false","1"
"https://www.ddasilver.com/products/orange-brocade-silver-potli-purse-295g","200","https://www.ddasilver.com/products/orange-brocade-silver-potli-purse-295g","Orange Brocade and Silver Potli Purse in Agra | DDA Silver","false","false","Orange Brocade and Silver Potli Purse at DDA Silver in Agra. A vibrant orange brocade potli paired with a woven 92.5% silver panel, jewel-set side ornaments…","PR-10 — Orange Brocade and Silver Potli Purse","Purse","Orange Brocade and Silver Potli Purse","PR-10","92.5%","295 g","","false","false","1"
"https://www.ddasilver.com/products/ornate-elephant-floral-silver-purse-400g","200","https://www.ddasilver.com/products/ornate-elephant-floral-silver-purse-400g","Ornate Elephant and Floral Silver Purse in Agra | DDA Silver","false","false","Ornate Elephant and Floral Silver Purse at DDA Silver in Agra. A structured 92.5% silver purse featuring raised elephant panels, scrolling floral openwork, a…","PR-1 — Ornate Elephant and Floral Silver Purse","Purse","Ornate Elephant and Floral Silver Purse","PR-1","92.5%","400 g","","false","false","1"
"https://www.ddasilver.com/products/ornate-embossed-thali-set-8in-400g","200","https://www.ddasilver.com/products/ornate-embossed-thali-set-8in-400g","DDA 8 Inch Ornate Embossed Pooja Thali Set in… | DDA Silver","false","true","DDA 8 Inch Ornate Embossed Pooja Thali Set at DDA Silver in Agra. A 400 gram, 8-inch Pooja Thali Set in confirmed 92.5% silver with dense embossed ornament…","DDA 8 Inch Ornate Embossed Pooja Thali Set","Utensils","DDA 8 Inch Ornate Embossed Pooja Thali Set","DDA-UT-PT-2206","92.5%","400 g","Diameter: 8 in","false","false","1"
"https://www.ddasilver.com/products/ornate-floral-mini-silver-spoon","200","https://www.ddasilver.com/products/ornate-floral-mini-silver-spoon","Ornate Floral Mini Silver Spoon in Agra | DDA Silver","false","false","Ornate Floral Mini Silver Spoon at DDA Silver in Agra. A miniature floral-handled spoon in 92.5% pure silver, with a supplied weight of 5 g and height of 3 in.","Ornate Floral Mini Silver Spoon","Utensils","Ornate Floral Mini Silver Spoon","DDA-UT-SP-33","92.5%","5 g","Height: 3 in","false","false","1"
"https://www.ddasilver.com/products/ornate-laddu-gopal-crawling-silver-idol","200","https://www.ddasilver.com/products/ornate-laddu-gopal-crawling-silver-idol","Ornate Laddu Gopal Crawling Silver Idol in Agra | DDA Silver","false","false","Ornate Laddu Gopal Crawling Silver Idol at DDA Silver in Agra. An ornate crawling Laddu Gopal silver idol holding a laddu, with detailed hair and necklaces…","Ornate Laddu Gopal Crawling Silver Idol","Idols","Ornate Laddu Gopal Crawling Silver Idol","SSM-BK-3","92.5%","165 g","Height: 3.5 in","false","false","1"
"https://www.ddasilver.com/products/ornate-panel-silver-clutch-400g","200","https://www.ddasilver.com/products/ornate-panel-silver-clutch-400g","Ornate Panel Silver Clutch in Agra | DDA Silver","false","false","Ornate Panel Silver Clutch at DDA Silver in Agra. A long 92.5% silver clutch composed of contrasting geometric and floral panels, animal motifs, a tall…","PR-15 — Ornate Panel Silver Clutch","Purse","Ornate Panel Silver Clutch","PR-15","92.5%","400 g","","false","false","1"
"https://www.ddasilver.com/products/ornate-peacock-floral-silver-jhula","200","https://www.ddasilver.com/products/ornate-peacock-floral-silver-jhula","Ornate Peacock Floral Silver Jhula in Agra | DDA Silver","false","false","Ornate Peacock Floral Silver Jhula at DDA Silver in Agra. A 92.5% silver jhula with a richly carved floral frame, peacock details, suspended seat and four…","Ornate Peacock Floral Silver Jhula","Jhula","Ornate Peacock Floral Silver Jhula","JH-01","92.5%","1400 g","","false","false","1"
"https://www.ddasilver.com/products/ornate-reclining-nandi-semi-solid-silver-idol","200","https://www.ddasilver.com/products/ornate-reclining-nandi-semi-solid-silver-idol","Ornate Reclining Nandi Semi-solid Silver Idol… | DDA Silver","false","true","Ornate Reclining Nandi Semi-solid Silver Idol at DDA Silver in Agra. A semi-solid 92.5% silver reclining Nandi with an extensively carved ceremonial blanket…","Ornate Reclining Nandi Semi-solid Silver Idol","Idols","Ornate Reclining Nandi Semi-solid Silver Idol","SSM-SH-2","92.5%","450 g","Height: 3.5 in","false","false","1"
"https://www.ddasilver.com/products/ornate-standing-krishna-semi-solid-silver-idol","200","https://www.ddasilver.com/products/ornate-standing-krishna-semi-solid-silver-idol","Ornate Standing Krishna Semi-solid Silver Idol… | DDA Silver","false","true","Ornate Standing Krishna Semi-solid Silver Idol at DDA Silver in Agra. A semi-solid 92.5% silver standing Krishna figure with elaborate peacock, floral and…","Ornate Standing Krishna Semi-solid Silver Idol","Idols","Ornate Standing Krishna Semi-solid Silver Idol","SSM-KR-1","92.5%","400 g","Height: 5 in","false","false","1"
"https://www.ddasilver.com/products/packaged-classical-profile-fine-gold-bar-10g-995","200","https://www.ddasilver.com/products/packaged-classical-profile-fine-gold-bar-10g-995","DDA 10 Gram Packaged Classical Profile Fine… | DDA Silver","false","true","DDA 10 Gram Packaged Classical Profile Fine Gold Bar at DDA Silver in Agra. A 10 gram gold piece featuring a classical-profile rectangular bar in a sealed…","DDA 10 Gram Packaged Classical Profile Fine Gold Bar","Gold Coins & Bars","DDA 10 Gram Packaged Classical Profile Fine Gold Bar","DDA-GOLD-20260822-071","99.50%","10 g","","false","false","1"
"https://www.ddasilver.com/products/packaged-classical-profile-fine-gold-bar-2g-995","200","https://www.ddasilver.com/products/packaged-classical-profile-fine-gold-bar-2g-995","DDA 2 Gram Packaged Classical Profile Fine… | DDA Silver","false","true","DDA 2 Gram Packaged Classical Profile Fine Gold Bar at DDA Silver in Agra. A 2 gram gold piece featuring a classical-profile rectangular bar in a sealed…","DDA 2 Gram Packaged Classical Profile Fine Gold Bar","Gold Coins & Bars","DDA 2 Gram Packaged Classical Profile Fine Gold Bar","DDA-GOLD-20260822-076","99.50%","2 g","","false","false","1"
"https://www.ddasilver.com/products/packaged-classical-profile-fine-gold-bar-5g-995","200","https://www.ddasilver.com/products/packaged-classical-profile-fine-gold-bar-5g-995","DDA 5 Gram Packaged Classical Profile Fine… | DDA Silver","false","true","DDA 5 Gram Packaged Classical Profile Fine Gold Bar at DDA Silver in Agra. A 5 gram gold piece featuring a classical-profile rectangular bar in a sealed…","DDA 5 Gram Packaged Classical Profile Fine Gold Bar","Gold Coins & Bars","DDA 5 Gram Packaged Classical Profile Fine Gold Bar","DDA-GOLD-20260822-063","99.50%","5 g","","false","false","1"
"https://www.ddasilver.com/products/packaged-fine-gold-bar-1g-995","200","https://www.ddasilver.com/products/packaged-fine-gold-bar-1g-995","DDA 1 Gram Packaged Fine Gold Bar in Agra | DDA Silver","false","false","DDA 1 Gram Packaged Fine Gold Bar at DDA Silver in Agra. A 1 gram gold piece featuring a sealed assay-style pack and rectangular fine-gold bar…","DDA 1 Gram Packaged Fine Gold Bar","Gold Coins & Bars","DDA 1 Gram Packaged Fine Gold Bar","DDA-GOLD-20260822-054","99.50%","1 g","","false","false","1"
"https://www.ddasilver.com/products/packaged-queen-victoria-gold-coin-4g-916","200","https://www.ddasilver.com/products/packaged-queen-victoria-gold-coin-4g-916","DDA 4 Gram Packaged Queen Victoria Gold Coin… | DDA Silver","false","true","DDA 4 Gram Packaged Queen Victoria Gold Coin at DDA Silver in Agra. A 4 gram gold piece featuring a round Queen Victoria portrait coin in a sealed assay-style…","DDA 4 Gram Packaged Queen Victoria Gold Coin","Gold Coins & Bars","DDA 4 Gram Packaged Queen Victoria Gold Coin","DDA-GOLD-20260822-075","91.60%","4 g","","false","false","1"
"https://www.ddasilver.com/products/packaged-queen-victoria-gold-coin-8g-916","200","https://www.ddasilver.com/products/packaged-queen-victoria-gold-coin-8g-916","DDA 8 Gram Packaged Queen Victoria Gold Coin… | DDA Silver","false","true","DDA 8 Gram Packaged Queen Victoria Gold Coin at DDA Silver in Agra. A 8 gram gold piece featuring a round Queen Victoria portrait coin in a sealed assay-style…","DDA 8 Gram Packaged Queen Victoria Gold Coin","Gold Coins & Bars","DDA 8 Gram Packaged Queen Victoria Gold Coin","DDA-GOLD-20260822-072","91.60%","8 g","","false","false","1"
"https://www.ddasilver.com/products/paduka-ruby-accent-silver-sindoor-dani","200","https://www.ddasilver.com/products/paduka-ruby-accent-silver-sindoor-dani","Paduka Ruby Accent Silver Sindoor Dani in Agra | DDA Silver","false","false","Paduka Ruby Accent Silver Sindoor Dani at DDA Silver in Agra. A round 92.5% silver Sindoor Dani topped with sculpted paduka and ruby-colored accents…","Paduka Ruby Accent Silver Sindoor Dani","Gifts","Paduka Ruby Accent Silver Sindoor Dani","SD-07","92.5%","75 g","Height: 2 in","false","false","1"
"https://www.ddasilver.com/products/painted-annapurna-semi-solid-silver-idol","200","https://www.ddasilver.com/products/painted-annapurna-semi-solid-silver-idol","Painted Annapurna Semi-solid Silver Idol in Agra | DDA Silver","false","false","Painted Annapurna Semi-solid Silver Idol at DDA Silver in Agra. A painted semi-solid 92.5% silver Annapurna idol holding a ladle and pot on a decorated base…","Painted Annapurna Semi-solid Silver Idol","Idols","Painted Annapurna Semi-solid Silver Idol","SSM-AN-1","92.5%","750 g","Height: 6 in","false","false","1"
"https://www.ddasilver.com/products/painted-bal-krishna-silver-idol-butter-pot-large","200","https://www.ddasilver.com/products/painted-bal-krishna-silver-idol-butter-pot-large","Painted Bal Krishna Silver Idol with Butter… | DDA Silver","true","true","Painted Bal Krishna Silver Idol with Butter Pot at DDA Silver in Agra. A hollow 99.80% pure silver Bal Krishna idol reaching into a painted butter pot with…","HM-BK-11 — Painted Bal Krishna Silver Idol with Butter Pot","Idols","Painted Bal Krishna Silver Idol with Butter Pot","HM-BK-11","99.80%","45 g","Height: 4 in","false","false","1"
"https://www.ddasilver.com/products/painted-bal-krishna-silver-idol-with-butter-pot","200","https://www.ddasilver.com/products/painted-bal-krishna-silver-idol-with-butter-pot","Painted Bal Krishna Silver Idol with Butter… | DDA Silver","true","true","Painted Bal Krishna Silver Idol with Butter Pot at DDA Silver in Agra. A hollow 99.80% pure silver Bal Krishna idol with hand-painted details and a butter…","HM-BK-7 — Painted Bal Krishna Silver Idol with Butter Pot","Idols","Painted Bal Krishna Silver Idol with Butter Pot","HM-BK-7","99.80%","15 g","Height: 2.5 in","false","false","1"
"https://www.ddasilver.com/products/painted-br-ambedkar-silver-figurine-book","200","https://www.ddasilver.com/products/painted-br-ambedkar-silver-figurine-book","Painted B. R. Ambedkar Silver Figurine with… | DDA Silver","false","true","Painted B. R. Ambedkar Silver Figurine with Book at DDA Silver in Agra. A hollow 99.80% pure silver B. R. Ambedkar figurine with a raised hand, book, round…","HM-BR-2 — Painted B. R. Ambedkar Silver Figurine with Book","Idols","Painted B. R. Ambedkar Silver Figurine with Book","HM-BR-2","99.80%","50 g","Height: 4.5 in","false","false","1"
"https://www.ddasilver.com/products/painted-compact-rama-silver-idol-bow","200","https://www.ddasilver.com/products/painted-compact-rama-silver-idol-bow","Painted Compact Rama Silver Idol with Bow in… | DDA Silver","false","true","Painted Compact Rama Silver Idol with Bow at DDA Silver in Agra. A compact hollow 99.80% pure silver standing Rama idol with a bow, quiver, and gold-toned…","HM-RM-13 — Painted Compact Rama Silver Idol with Bow","Idols","Painted Compact Rama Silver Idol with Bow","HM-RM-13","99.80%","10 g","Height: 2.5 in","false","false","1"
"https://www.ddasilver.com/products/painted-crawling-bal-krishna-laddoo-large","200","https://www.ddasilver.com/products/painted-crawling-bal-krishna-laddoo-large","Painted Crawling Bal Krishna Silver Idol with… | DDA Silver","false","true","Painted Crawling Bal Krishna Silver Idol with Laddoo at DDA Silver in Agra. A hollow 99.80% pure silver crawling Bal Krishna idol holding a laddoo, with…","HM-BK-16 — Painted Crawling Bal Krishna Silver Idol with Laddoo","Idols","Painted Crawling Bal Krishna Silver Idol with Laddoo","HM-BK-16","99.80%","40 g","Height: 4 in","false","false","1"
"https://www.ddasilver.com/products/painted-crawling-bal-krishna-silver-idol-250g","200","https://www.ddasilver.com/products/painted-crawling-bal-krishna-silver-idol-250g","Painted Crawling Bal Krishna Silver Idol in Agra | DDA Silver","false","false","Painted Crawling Bal Krishna Silver Idol at DDA Silver in Agra. A hollow 99.80% pure silver crawling Bal Krishna idol with hand-painted facial and necklace…","HM-BK-9 — Painted Crawling Bal Krishna Silver Idol","Idols","Painted Crawling Bal Krishna Silver Idol","HM-BK-9","99.80%","250 g","Height: 6 in","false","false","1"
"https://www.ddasilver.com/products/painted-durga-silver-idol-lion-160g","200","https://www.ddasilver.com/products/painted-durga-silver-idol-lion-160g","Painted Durga Silver Idol on Lion in Agra | DDA Silver","true","false","Painted Durga Silver Idol on Lion at DDA Silver in Agra. A hollow 99.80% pure silver multi-arm Durga idol seated on a lion with red, pink, green, yellow, and…","HM-DG-3 — Painted Durga Silver Idol on Lion","Idols","Painted Durga Silver Idol on Lion","HM-DG-3","99.80%","160 g","Height: 6 in","false","false","1"
"https://www.ddasilver.com/products/painted-durga-silver-idol-lion-arched-halo","200","https://www.ddasilver.com/products/painted-durga-silver-idol-lion-arched-halo","Painted Durga Silver Idol on Lion with Arched… | DDA Silver","false","true","Painted Durga Silver Idol on Lion with Arched Halo at DDA Silver in Agra. A hollow 99.80% pure silver Durga idol riding a lion beneath a crowned arch, with…","HM-DG-6 — Painted Durga Silver Idol on Lion with Arched Halo","Idols","Painted Durga Silver Idol on Lion with Arched Halo","HM-DG-6","99.80%","80 g","Height: 5.5 in","false","false","1"
"https://www.ddasilver.com/products/painted-durga-silver-idol-lion-red-green","200","https://www.ddasilver.com/products/painted-durga-silver-idol-lion-red-green","Painted Durga Silver Idol on Lion in Red and… | DDA Silver","false","true","Painted Durga Silver Idol on Lion in Red and Green at DDA Silver in Agra. A hollow 99.80% pure silver Durga idol seated on a lion in painted red and green…","HM-DG-5 — Painted Durga Silver Idol on Lion in Red and Green","Idols","Painted Durga Silver Idol on Lion in Red and Green","HM-DG-5","99.80%","250 g","Height: 7.5 in","false","false","1"
"https://www.ddasilver.com/products/painted-durga-silver-idol-on-lion","200","https://www.ddasilver.com/products/painted-durga-silver-idol-on-lion","Painted Durga Silver Idol on Lion in Agra | DDA Silver","true","false","Painted Durga Silver Idol on Lion at DDA Silver in Agra. A hollow 99.80% pure silver Durga idol riding a lion with hand-painted devotional details. Weight: 17…","HM-DG-1 — Painted Durga Silver Idol on Lion","Idols","Painted Durga Silver Idol on Lion","HM-DG-1","99.80%","17 g","Height: 2.5 in","false","false","1"
"https://www.ddasilver.com/products/painted-four-arm-ganesha-silver-idol-on-lotus","200","https://www.ddasilver.com/products/painted-four-arm-ganesha-silver-idol-on-lotus","Painted Four-Arm Ganesha Silver Idol on Lotus… | DDA Silver","false","true","Painted Four-Arm Ganesha Silver Idol on Lotus at DDA Silver in Agra. A hollow 99.80% pure silver four-arm Ganesha idol seated on a lotus with hand-painted…","HM-GN-4 — Painted Four-Arm Ganesha Silver Idol on Lotus","Idols","Painted Four-Arm Ganesha Silver Idol on Lotus","HM-GN-4","99.80%","30 g","Height: 3 in","false","false","1"
"https://www.ddasilver.com/products/painted-four-arm-ganesha-silver-idol-red-stole","200","https://www.ddasilver.com/products/painted-four-arm-ganesha-silver-idol-red-stole","Painted Four-Arm Ganesha Silver Idol with Red… | DDA Silver","false","true","Painted Four-Arm Ganesha Silver Idol with Red Stole at DDA Silver in Agra. A hollow 99.80% pure silver four-arm Ganesha idol seated on a lotus with a red…","HM-GN-11 — Painted Four-Arm Ganesha Silver Idol with Red Stole","Idols","Painted Four-Arm Ganesha Silver Idol with Red Stole","HM-GN-11","99.80%","50 g","Height: 3.5 in","false","false","1"
"https://www.ddasilver.com/products/painted-four-arm-ganesha-silver-idol-yellow-dhoti","200","https://www.ddasilver.com/products/painted-four-arm-ganesha-silver-idol-yellow-dhoti","Painted Four-Arm Ganesha Silver Idol with… | DDA Silver","false","true","Painted Four-Arm Ganesha Silver Idol with Yellow Dhoti at DDA Silver in Agra. A hollow 99.80% pure silver four-arm Ganesha idol with a yellow dhoti and…","HM-GN-10 — Painted Four-Arm Ganesha Silver Idol with Yellow Dhoti","Idols","Painted Four-Arm Ganesha Silver Idol with Yellow Dhoti","HM-GN-10","99.80%","40 g","Height: 3 in","false","false","1"
"https://www.ddasilver.com/products/painted-ganesha-silver-idol-on-lotus-orange-dhoti","200","https://www.ddasilver.com/products/painted-ganesha-silver-idol-on-lotus-orange-dhoti","Painted Ganesha Silver Idol on Lotus with… | DDA Silver","false","true","Painted Ganesha Silver Idol on Lotus with Orange Dhoti at DDA Silver in Agra. A hollow 99.80% pure silver Ganesha idol seated on a lotus with an orange dhoti…","HM-GN-7 — Painted Ganesha Silver Idol on Lotus with Orange Dhoti","Idols","Painted Ganesha Silver Idol on Lotus with Orange Dhoti","HM-GN-7","99.80%","20 g","Height: 3 in","false","false","1"
"https://www.ddasilver.com/products/painted-ganesha-silver-idol-on-mushak","200","https://www.ddasilver.com/products/painted-ganesha-silver-idol-on-mushak","Painted Ganesha Silver Idol on Mushak in Agra | DDA Silver","false","false","Painted Ganesha Silver Idol on Mushak at DDA Silver in Agra. A hollow 99.80% pure silver Ganesha idol seated on Mushak with yellow and gold hand-painted…","HM-GN-12 — Painted Ganesha Silver Idol on Mushak","Idols","Painted Ganesha Silver Idol on Mushak","HM-GN-12","99.80%","65 g","Height: 4.5 in","false","false","1"
"https://www.ddasilver.com/products/painted-ganesha-silver-idol-with-pink-turban","200","https://www.ddasilver.com/products/painted-ganesha-silver-idol-with-pink-turban","Painted Ganesha Silver Idol with Pink Turban… | DDA Silver","false","true","Painted Ganesha Silver Idol with Pink Turban at DDA Silver in Agra. A hollow 99.80% pure silver seated Ganesha idol with a hand-painted pink turban and yellow…","HM-GN-5 — Painted Ganesha Silver Idol with Pink Turban","Idols","Painted Ganesha Silver Idol with Pink Turban","HM-GN-5","99.80%","10 g","Height: 2 in","false","false","1"
"https://www.ddasilver.com/products/painted-ganesha-silver-idol-worshipping-shivling","200","https://www.ddasilver.com/products/painted-ganesha-silver-idol-worshipping-shivling","Painted Ganesha Silver Idol Worshipping… | DDA Silver","false","true","Painted Ganesha Silver Idol Worshipping Shivling at DDA Silver in Agra. A hollow 99.80% pure silver Ganesha idol seated beside a Shivling with green and…","HM-GN-15 — Painted Ganesha Silver Idol Worshipping Shivling","Idols","Painted Ganesha Silver Idol Worshipping Shivling","HM-GN-15","99.80%","15 g","Height: 2 in","false","false","1"
"https://www.ddasilver.com/products/painted-gold-fin-fish-silver-figurine","200","https://www.ddasilver.com/products/painted-gold-fin-fish-silver-figurine","Painted Gold-Fin Fish Silver Figurine in Agra | DDA Silver","false","false","Painted Gold-Fin Fish Silver Figurine at DDA Silver in Agra. A hollow 99.80% pure silver fish figurine with engraved scales, gold-toned fins, and painted…","HM-FS-2 — Painted Gold-Fin Fish Silver Figurine","Idols","Painted Gold-Fin Fish Silver Figurine","HM-FS-2","99.80%","10 g","Height: 1.5 in","false","false","1"
"https://www.ddasilver.com/products/painted-jagannath-balabhadra-subhadra-silver-idol","200","https://www.ddasilver.com/products/painted-jagannath-balabhadra-subhadra-silver-idol","Painted Jagannath Balabhadra Subhadra Silver… | DDA Silver","false","true","Painted Jagannath Balabhadra Subhadra Silver Idol at DDA Silver in Agra. A hollow 99.80% pure silver Jagannath, Balabhadra, and Subhadra idol trio with…","HM-JG-1 — Painted Jagannath Balabhadra Subhadra Silver Idol","Idols","Painted Jagannath Balabhadra Subhadra Silver Idol","HM-JG-1","99.80%","40 g","Height: 2.5 in","false","false","1"
"https://www.ddasilver.com/products/painted-kamdhenu-silver-idol-cloud-base","200","https://www.ddasilver.com/products/painted-kamdhenu-silver-idol-cloud-base","Painted Kamdhenu Silver Idol on Cloud Base in… | DDA Silver","false","true","Painted Kamdhenu Silver Idol on Cloud Base at DDA Silver in Agra. A hollow 99.80% pure silver Kamdhenu cow-and-calf idol with a painted red blanket on a…","HM-KM-14 — Painted Kamdhenu Silver Idol on Cloud Base","Idols","Painted Kamdhenu Silver Idol on Cloud Base","HM-KM-14","99.80%","100 g","Height: 3 in","false","false","1"
"https://www.ddasilver.com/products/painted-kamdhenu-silver-idol-crimson-blanket","200","https://www.ddasilver.com/products/painted-kamdhenu-silver-idol-crimson-blanket","Painted Kamdhenu Silver Idol with Crimson… | DDA Silver","false","true","Painted Kamdhenu Silver Idol with Crimson Blanket at DDA Silver in Agra. A hollow 99.80% pure silver Kamdhenu cow-and-calf idol with a painted crimson blanket…","HM-KM-3 — Painted Kamdhenu Silver Idol with Crimson Blanket","Idols","Painted Kamdhenu Silver Idol with Crimson Blanket","HM-KM-3","99.80%","30 g","Height: 1.5 in","false","false","1"
"https://www.ddasilver.com/products/painted-kamdhenu-silver-idol-floral-om-blanket-large","200","https://www.ddasilver.com/products/painted-kamdhenu-silver-idol-floral-om-blanket-large","Painted Kamdhenu Silver Idol with Floral Om… | DDA Silver","false","true","Painted Kamdhenu Silver Idol with Floral Om Blanket at DDA Silver in Agra. A large hollow 99.80% pure silver Kamdhenu cow-and-calf idol with a painted floral…","HM-KM-16 — Painted Kamdhenu Silver Idol with Floral Om Blanket","Idols","Painted Kamdhenu Silver Idol with Floral Om Blanket","HM-KM-16","99.80%","225 g","Height: 4 in","false","false","1"
"https://www.ddasilver.com/products/painted-kamdhenu-silver-idol-green-blanket","200","https://www.ddasilver.com/products/painted-kamdhenu-silver-idol-green-blanket","Painted Kamdhenu Silver Idol with Green… | DDA Silver","false","true","Painted Kamdhenu Silver Idol with Green Blanket at DDA Silver in Agra. A hollow 99.80% pure silver Kamdhenu cow-and-calf idol with a vivid green painted…","HM-KM-12 — Painted Kamdhenu Silver Idol with Green Blanket","Idols","Painted Kamdhenu Silver Idol with Green Blanket","HM-KM-12","99.80%","45 g","Height: 2.5 in","false","false","1"
"https://www.ddasilver.com/products/painted-kamdhenu-silver-idol-red-saddle-cloth","200","https://www.ddasilver.com/products/painted-kamdhenu-silver-idol-red-saddle-cloth","Painted Kamdhenu Silver Idol with Red Saddle… | DDA Silver","false","true","Painted Kamdhenu Silver Idol with Red Saddle Cloth at DDA Silver in Agra. A hollow 99.80% pure silver Kamdhenu cow-and-calf idol with a bright red painted…","HM-KM-8 — Painted Kamdhenu Silver Idol with Red Saddle Cloth","Idols","Painted Kamdhenu Silver Idol with Red Saddle Cloth","HM-KM-8","99.80%","30 g","Height: 1.5 in","false","false","1"
"https://www.ddasilver.com/products/painted-kamdhenu-silver-idol-with-om-blanket","200","https://www.ddasilver.com/products/painted-kamdhenu-silver-idol-with-om-blanket","Painted Kamdhenu Silver Idol with Om Blanket… | DDA Silver","false","true","Painted Kamdhenu Silver Idol with Om Blanket at DDA Silver in Agra. A hollow 99.80% pure silver Kamdhenu cow and calf idol with a hand-painted Om blanket…","HM-KM-1 — Painted Kamdhenu Silver Idol with Om Blanket","Idols","Painted Kamdhenu Silver Idol with Om Blanket","HM-KM-1","99.80%","35 g","Height: 2.5 in","false","false","1"
"https://www.ddasilver.com/products/painted-kamdhenu-silver-idol-with-yellow-blanket","200","https://www.ddasilver.com/products/painted-kamdhenu-silver-idol-with-yellow-blanket","Painted Kamdhenu Silver Idol with Yellow… | DDA Silver","false","true","Painted Kamdhenu Silver Idol with Yellow Blanket at DDA Silver in Agra. A hollow 99.80% pure silver Kamdhenu cow and calf idol with a hand-painted yellow…","HM-KM-2 — Painted Kamdhenu Silver Idol with Yellow Blanket","Idols","Painted Kamdhenu Silver Idol with Yellow Blanket","HM-KM-2","99.80%","40 g","Height: 2.5 in","false","false","1"
"https://www.ddasilver.com/products/painted-kneeling-bal-krishna-yellow-dhoti","200","https://www.ddasilver.com/products/painted-kneeling-bal-krishna-yellow-dhoti","Painted Kneeling Bal Krishna Silver Idol in… | DDA Silver","false","true","Painted Kneeling Bal Krishna Silver Idol in Yellow Dhoti at DDA Silver in Agra. A hollow 99.80% pure silver kneeling Bal Krishna idol holding a laddoo, with a…","HM-BK-21 — Painted Kneeling Bal Krishna Silver Idol in Yellow Dhoti","Idols","Painted Kneeling Bal Krishna Silver Idol in Yellow Dhoti","HM-BK-21","99.80%","30 g","Height: 3 in","false","false","1"
"https://www.ddasilver.com/products/painted-kuber-silver-idol-throne-yellow","200","https://www.ddasilver.com/products/painted-kuber-silver-idol-throne-yellow","Painted Kuber Silver Idol on Throne in Agra | DDA Silver","false","false","Painted Kuber Silver Idol on Throne at DDA Silver in Agra. A hollow 99.80% pure silver Kuber idol seated on a compact throne in painted yellow attire with…","HM-KB-3 — Painted Kuber Silver Idol on Throne","Idols","Painted Kuber Silver Idol on Throne","HM-KB-3","99.80%","30 g","Height: 3 in","false","false","1"
"https://www.ddasilver.com/products/painted-lakshmi-ganesha-blue-base-silver-idols","200","https://www.ddasilver.com/products/painted-lakshmi-ganesha-blue-base-silver-idols","Painted Lakshmi Ganesha Blue Base Silver Idols… | DDA Silver","false","true","Painted Lakshmi Ganesha Blue Base Silver Idols at DDA Silver in Agra. A semi-solid 92.5% silver painted Lakshmi Ganesha pair on separate square blue-edged…","Painted Lakshmi Ganesha Blue Base Silver Idols","Idols","Painted Lakshmi Ganesha Blue Base Silver Idols","SSM-LG-1","92.5%","1600 g","Height: 6 in","false","false","1"
"https://www.ddasilver.com/products/painted-lakshmi-ganesha-lotus-silver-idols","200","https://www.ddasilver.com/products/painted-lakshmi-ganesha-lotus-silver-idols","Painted Lakshmi Ganesha Lotus Silver Idols in… | DDA Silver","false","true","Painted Lakshmi Ganesha Lotus Silver Idols at DDA Silver in Agra. A semi-solid 92.5% silver painted Lakshmi Ganesha pair seated on separate lotus bases…","Painted Lakshmi Ganesha Lotus Silver Idols","Idols","Painted Lakshmi Ganesha Lotus Silver Idols","SSM-LG-2","92.5%","1300 g","Height: 6 in","false","false","1"
"https://www.ddasilver.com/products/painted-lakshmi-ganesha-silver-idol-pair-crimson-red","200","https://www.ddasilver.com/products/painted-lakshmi-ganesha-silver-idol-pair-crimson-red","Painted Lakshmi Ganesha Silver Idol Pair in… | DDA Silver","true","true","Painted Lakshmi Ganesha Silver Idol Pair in Crimson Red at DDA Silver in Agra. A hollow 99.80% pure silver Lakshmi Ganesha idol pair on lotus bases with…","HM-LG-17 — Painted Lakshmi Ganesha Silver Idol Pair in Crimson Red","Idols","Painted Lakshmi Ganesha Silver Idol Pair in Crimson Red","HM-LG-17","99.80%","100 g","Height: 4 in","false","false","1"
"https://www.ddasilver.com/products/painted-lakshmi-ganesha-silver-idol-pair-golden-yellow","200","https://www.ddasilver.com/products/painted-lakshmi-ganesha-silver-idol-pair-golden-yellow","Painted Lakshmi Ganesha Silver Idol Pair in… | DDA Silver","true","true","Painted Lakshmi Ganesha Silver Idol Pair in Golden Yellow at DDA Silver in Agra. A hollow 99.80% pure silver Lakshmi Ganesha idol pair with bright…","HM-LG-12 — Painted Lakshmi Ganesha Silver Idol Pair in Golden Yellow","Idols","Painted Lakshmi Ganesha Silver Idol Pair in Golden Yellow","HM-LG-12","99.80%","47 g","Height: 2.5 in","false","false","1"
"https://www.ddasilver.com/products/painted-lakshmi-ganesha-silver-idol-pair-green-yellow-130g","200","https://www.ddasilver.com/products/painted-lakshmi-ganesha-silver-idol-pair-green-yellow-130g","Painted Lakshmi Ganesha Silver Idol Pair in… | DDA Silver","true","true","Painted Lakshmi Ganesha Silver Idol Pair in Green and Yellow at DDA Silver in Agra. A hollow 99.80% pure silver Lakshmi Ganesha idol pair on lotus bases with…","HM-LG-14 — Painted Lakshmi Ganesha Silver Idol Pair in Green and Yellow","Idols","Painted Lakshmi Ganesha Silver Idol Pair in Green and Yellow","HM-LG-14","99.80%","130 g","Height: 4.5 in","false","false","1"
"https://www.ddasilver.com/products/painted-lakshmi-ganesha-silver-idol-pair-lotus-bases-40g","200","https://www.ddasilver.com/products/painted-lakshmi-ganesha-silver-idol-pair-lotus-bases-40g","Painted Lakshmi Ganesha Silver Idol Pair on… | DDA Silver","true","true","Painted Lakshmi Ganesha Silver Idol Pair on Lotus Bases at DDA Silver in Agra. A hollow 99.80% pure silver Lakshmi Ganesha idol pair on lotus bases with…","HM-LG-3 — Painted Lakshmi Ganesha Silver Idol Pair on Lotus Bases","Idols","Painted Lakshmi Ganesha Silver Idol Pair on Lotus Bases","HM-LG-3","99.80%","40 g","Height: 3 in","false","false","1"
"https://www.ddasilver.com/products/painted-lakshmi-ganesha-silver-idol-pair-miniature-thrones-15g","200","https://www.ddasilver.com/products/painted-lakshmi-ganesha-silver-idol-pair-miniature-thrones-15g","Painted Lakshmi Ganesha Silver Idol Pair on… | DDA Silver","true","true","Painted Lakshmi Ganesha Silver Idol Pair on Miniature Thrones at DDA Silver in Agra. A hollow 99.80% pure silver Lakshmi Ganesha idol pair seated on miniature…","HM-LG-5 — Painted Lakshmi Ganesha Silver Idol Pair on Miniature Thrones","Idols","Painted Lakshmi Ganesha Silver Idol Pair on Miniature Thrones","HM-LG-5","99.80%","15 g","Height: 1.5 in","false","false","1"
"https://www.ddasilver.com/products/painted-lakshmi-ganesha-silver-idol-pair-mint-green","200","https://www.ddasilver.com/products/painted-lakshmi-ganesha-silver-idol-pair-mint-green","Painted Lakshmi Ganesha Silver Idol Pair in… | DDA Silver","true","true","Painted Lakshmi Ganesha Silver Idol Pair in Mint Green at DDA Silver in Agra. A hollow 99.80% pure silver Lakshmi Ganesha idol pair on lotus bases with…","HM-LG-16 — Painted Lakshmi Ganesha Silver Idol Pair in Mint Green","Idols","Painted Lakshmi Ganesha Silver Idol Pair in Mint Green","HM-LG-16","99.80%","105 g","Height: 4 in","false","false","1"
"https://www.ddasilver.com/products/painted-lakshmi-ganesha-silver-idol-pair-orange-35g","200","https://www.ddasilver.com/products/painted-lakshmi-ganesha-silver-idol-pair-orange-35g","Painted Lakshmi Ganesha Silver Idol Pair in… | DDA Silver","true","true","Painted Lakshmi Ganesha Silver Idol Pair in Orange at DDA Silver in Agra. A hollow 99.80% pure silver Lakshmi Ganesha idol pair on lotus bases with orange…","HM-LG-11 — Painted Lakshmi Ganesha Silver Idol Pair in Orange","Idols","Painted Lakshmi Ganesha Silver Idol Pair in Orange","HM-LG-11","99.80%","35 g","Height: 2.5 in","false","false","1"
"https://www.ddasilver.com/products/painted-lakshmi-ganesha-silver-idol-pair-owl-mouse","200","https://www.ddasilver.com/products/painted-lakshmi-ganesha-silver-idol-pair-owl-mouse","Painted Lakshmi Ganesha Silver Idol Pair with… | DDA Silver","false","true","Painted Lakshmi Ganesha Silver Idol Pair with Owl and Mouse at DDA Silver in Agra. A hollow 99.80% pure silver Lakshmi Ganesha idol pair on layered lotus…","HM-LG-23 — Painted Lakshmi Ganesha Silver Idol Pair with Owl and Mouse","Idols","Painted Lakshmi Ganesha Silver Idol Pair with Owl and Mouse","HM-LG-23","99.80%","100 g","Height: 3.5 in","false","false","1"
"https://www.ddasilver.com/products/painted-lakshmi-ganesha-silver-idol-pair-red-35g","200","https://www.ddasilver.com/products/painted-lakshmi-ganesha-silver-idol-pair-red-35g","Painted Lakshmi Ganesha Silver Idol Pair in… | DDA Silver","true","true","Painted Lakshmi Ganesha Silver Idol Pair in Red at DDA Silver in Agra. A hollow 99.80% pure silver Lakshmi Ganesha idol pair on lotus bases with red, green…","HM-LG-10 — Painted Lakshmi Ganesha Silver Idol Pair in Red","Idols","Painted Lakshmi Ganesha Silver Idol Pair in Red","HM-LG-10","99.80%","35 g","Height: 2.5 in","false","false","1"
"https://www.ddasilver.com/products/painted-lakshmi-ganesha-silver-idol-pair-round-pedestals","200","https://www.ddasilver.com/products/painted-lakshmi-ganesha-silver-idol-pair-round-pedestals","Painted Lakshmi Ganesha Silver Idol Pair on… | DDA Silver","true","true","Painted Lakshmi Ganesha Silver Idol Pair on Round Pedestals at DDA Silver in Agra. A hollow 99.80% pure silver Lakshmi Ganesha idol pair on matching engraved…","HM-LG-24 — Painted Lakshmi Ganesha Silver Idol Pair on Round Pedestals","Idols","Painted Lakshmi Ganesha Silver Idol Pair on Round Pedestals","HM-LG-24","99.80%","100 g","Height: 3.5 in","false","false","1"
"https://www.ddasilver.com/products/painted-lakshmi-ganesha-silver-idol-pair-yellow-20g","200","https://www.ddasilver.com/products/painted-lakshmi-ganesha-silver-idol-pair-yellow-20g","Painted Lakshmi Ganesha Silver Idol Pair in… | DDA Silver","true","true","Painted Lakshmi Ganesha Silver Idol Pair in Yellow at DDA Silver in Agra. A hollow 99.80% pure silver Lakshmi Ganesha idol pair on lotus bases with yellow…","HM-LG-9 — Painted Lakshmi Ganesha Silver Idol Pair in Yellow","Idols","Painted Lakshmi Ganesha Silver Idol Pair in Yellow","HM-LG-9","99.80%","20 g","Height: 2 in","false","false","1"
"https://www.ddasilver.com/products/painted-lakshmi-narayan-silver-idol-on-sheshnag-125g","200","https://www.ddasilver.com/products/painted-lakshmi-narayan-silver-idol-on-sheshnag-125g","Painted Lakshmi Narayan Silver Idol on… | DDA Silver","false","true","Painted Lakshmi Narayan Silver Idol on Sheshnag at DDA Silver in Agra. A hollow 99.80% pure silver Lakshmi Narayan idol seated on Sheshnag with colorful…","HM-LN-3 — Painted Lakshmi Narayan Silver Idol on Sheshnag","Idols","Painted Lakshmi Narayan Silver Idol on Sheshnag","HM-LN-3","99.80%","125 g","Height: 5 in","false","false","1"
"https://www.ddasilver.com/products/painted-laughing-buddha-silver-idol","200","https://www.ddasilver.com/products/painted-laughing-buddha-silver-idol","Painted Laughing Buddha Silver Idol in Agra | DDA Silver","false","false","Painted Laughing Buddha Silver Idol at DDA Silver in Agra. A hollow 99.80% pure silver Laughing Buddha idol with a prosperity sack and hand-painted robes…","HM-LB-1 — Painted Laughing Buddha Silver Idol","Idols","Painted Laughing Buddha Silver Idol","HM-LB-1","99.80%","20 g","Height: 2.5 in","false","false","1"
"https://www.ddasilver.com/products/painted-makhan-chor-bal-krishna-oval-base","200","https://www.ddasilver.com/products/painted-makhan-chor-bal-krishna-oval-base","Painted Makhan Chor Bal Krishna Silver Idol on… | DDA Silver","false","true","Painted Makhan Chor Bal Krishna Silver Idol on Oval Base at DDA Silver in Agra. A hollow 99.80% pure silver Bal Krishna idol seated beside an overturned…","HM-BK-12 — Painted Makhan Chor Bal Krishna Silver Idol on Oval Base","Idols","Painted Makhan Chor Bal Krishna Silver Idol on Oval Base","HM-BK-12","99.80%","35 g","Height: 3 in","false","false","1"
"https://www.ddasilver.com/products/painted-miniature-lakshmi-ganesha-silver-idol-pair","200","https://www.ddasilver.com/products/painted-miniature-lakshmi-ganesha-silver-idol-pair","Painted Miniature Lakshmi Ganesha Silver Idol… | DDA Silver","false","true","Painted Miniature Lakshmi Ganesha Silver Idol Pair at DDA Silver in Agra. A hollow 99.80% pure silver miniature Lakshmi Ganesha idol pair with pink, green…","HM-LG-7 — Painted Miniature Lakshmi Ganesha Silver Idol Pair","Idols","Painted Miniature Lakshmi Ganesha Silver Idol Pair","HM-LG-7","99.80%","5 g","Height: 1 in","false","false","1"
"https://www.ddasilver.com/products/painted-radha-krishna-semi-solid-silver-idols","200","https://www.ddasilver.com/products/painted-radha-krishna-semi-solid-silver-idols","Painted Radha Krishna Semi-solid Silver Idols… | DDA Silver","false","true","Painted Radha Krishna Semi-solid Silver Idols at DDA Silver in Agra. A painted semi-solid 92.5% silver Radha Krishna standing pair with flute and vivid…","Painted Radha Krishna Semi-solid Silver Idols","Idols","Painted Radha Krishna Semi-solid Silver Idols","SSM-RK-1","92.5%","150 g","Height: 3.5 in","false","false","1"
"https://www.ddasilver.com/products/painted-radha-krishna-silver-idol-cow-yellow","200","https://www.ddasilver.com/products/painted-radha-krishna-silver-idol-cow-yellow","Painted Radha Krishna Silver Idol with Cow in… | DDA Silver","false","true","Painted Radha Krishna Silver Idol with Cow at DDA Silver in Agra. A hollow 99.80% pure silver Radha Krishna idol with Krishna playing the flute beside a cow…","HM-RK-20 — Painted Radha Krishna Silver Idol with Cow","Idols","Painted Radha Krishna Silver Idol with Cow","HM-RK-20","99.80%","150 g","Height: 6 in","false","false","1"
"https://www.ddasilver.com/products/painted-radha-krishna-silver-idol-layered-lotus","200","https://www.ddasilver.com/products/painted-radha-krishna-silver-idol-layered-lotus","Painted Radha Krishna Silver Idol on Layered… | DDA Silver","false","true","Painted Radha Krishna Silver Idol on Layered Lotus at DDA Silver in Agra. A hollow 99.80% pure silver Radha Krishna idol with painted garlands and yellow…","HM-RK-21 — Painted Radha Krishna Silver Idol on Layered Lotus","Idols","Painted Radha Krishna Silver Idol on Layered Lotus","HM-RK-21","99.80%","125 g","Height: 7 in","false","false","1"
"https://www.ddasilver.com/products/painted-radha-krishna-silver-idol-pair","200","https://www.ddasilver.com/products/painted-radha-krishna-silver-idol-pair","Painted Radha Krishna Silver Idol Pair in Agra | DDA Silver","false","false","Painted Radha Krishna Silver Idol Pair at DDA Silver in Agra. A hollow 99.80% pure silver Radha Krishna idol pair with vibrant red, yellow, green, and gold…","HM-RK-12 — Painted Radha Krishna Silver Idol Pair","Idols","Painted Radha Krishna Silver Idol Pair","HM-RK-12","99.80%","100 g","Height: 6 in","false","false","1"
"https://www.ddasilver.com/products/painted-radha-krishna-silver-idol-red-yellow","200","https://www.ddasilver.com/products/painted-radha-krishna-silver-idol-red-yellow","Painted Radha Krishna Silver Idol in Red and… | DDA Silver","false","true","Painted Radha Krishna Silver Idol in Red and Yellow at DDA Silver in Agra. A hollow 99.80% pure silver Radha Krishna idol with Krishna playing the flute in…","HM-RK-19 — Painted Radha Krishna Silver Idol in Red and Yellow","Idols","Painted Radha Krishna Silver Idol in Red and Yellow","HM-RK-19","99.80%","200 g","Height: 7 in","false","false","1"
"https://www.ddasilver.com/products/painted-radha-krishna-silver-idol-with-flute-15g","200","https://www.ddasilver.com/products/painted-radha-krishna-silver-idol-with-flute-15g","Painted Radha Krishna Silver Idol with Flute… | DDA Silver","false","true","Painted Radha Krishna Silver Idol with Flute at DDA Silver in Agra. A hollow 99.80% pure silver Radha Krishna idol group with a flute and delicate…","HM-RK-5 — Painted Radha Krishna Silver Idol with Flute","Idols","Painted Radha Krishna Silver Idol with Flute","HM-RK-5","99.80%","15 g","Height: 3 in","false","false","1"
"https://www.ddasilver.com/products/painted-radha-krishna-silver-idol-with-peacock","200","https://www.ddasilver.com/products/painted-radha-krishna-silver-idol-with-peacock","Painted Radha Krishna Silver Idol with Peacock… | DDA Silver","false","true","Painted Radha Krishna Silver Idol with Peacock at DDA Silver in Agra. A hollow 99.80% pure silver Radha Krishna idol group with hand-painted details and a…","HM-RK-2 — Painted Radha Krishna Silver Idol with Peacock","Idols","Painted Radha Krishna Silver Idol with Peacock","HM-RK-2","99.80%","15 g","Height: 2 in","false","false","1"
"https://www.ddasilver.com/products/painted-radha-krishna-silver-idol-yellow-pink-tall","200","https://www.ddasilver.com/products/painted-radha-krishna-silver-idol-yellow-pink-tall","Painted Radha Krishna Silver Idol in Yellow… | DDA Silver","false","true","Painted Radha Krishna Silver Idol in Yellow and Pink at DDA Silver in Agra. A tall hollow 99.80% pure silver Radha Krishna idol with Krishna playing the flute…","HM-RK-17 — Painted Radha Krishna Silver Idol in Yellow and Pink","Idols","Painted Radha Krishna Silver Idol in Yellow and Pink","HM-RK-17","99.80%","400 g","Height: 10 in","false","false","1"
"https://www.ddasilver.com/products/painted-ram-darbar-silver-idol-set-red-yellow","200","https://www.ddasilver.com/products/painted-ram-darbar-silver-idol-set-red-yellow","Painted Ram Darbar Silver Idol Set in Red and… | DDA Silver","false","true","Painted Ram Darbar Silver Idol Set in Red and Yellow at DDA Silver in Agra. A hollow 99.80% pure silver Ram Darbar set with Rama, Sita, Lakshmana, and Hanuman…","HM-RM-10 — Painted Ram Darbar Silver Idol Set in Red and Yellow","Idols","Painted Ram Darbar Silver Idol Set in Red and Yellow","HM-RM-10","99.80%","200 g","Height: 6 in","false","false","1"
"https://www.ddasilver.com/products/painted-ram-darbar-silver-idol-set-round-bases","200","https://www.ddasilver.com/products/painted-ram-darbar-silver-idol-set-round-bases","Painted Ram Darbar Silver Idol Set on Round… | DDA Silver","false","true","Painted Ram Darbar Silver Idol Set on Round Bases at DDA Silver in Agra. A hollow 99.80% pure silver Ram Darbar set with Rama, Sita, Lakshmana, and Hanuman on…","HM-RM-4 — Painted Ram Darbar Silver Idol Set on Round Bases","Idols","Painted Ram Darbar Silver Idol Set on Round Bases","HM-RM-4","99.80%","90 g","Height: 4 in","false","false","1"
"https://www.ddasilver.com/products/painted-ram-darbar-silver-idol-set-yellow-compact","200","https://www.ddasilver.com/products/painted-ram-darbar-silver-idol-set-yellow-compact","Painted Ram Darbar Silver Idol Set in Yellow… | DDA Silver","false","true","Painted Ram Darbar Silver Idol Set in Yellow at DDA Silver in Agra. A hollow 99.80% pure silver Ram Darbar set with Rama, Sita, Lakshmana, and Hanuman in…","HM-RM-2 — Painted Ram Darbar Silver Idol Set in Yellow","Idols","Painted Ram Darbar Silver Idol Set in Yellow","HM-RM-2","99.80%","50 g","Height: 3.5 in","false","false","1"
"https://www.ddasilver.com/products/painted-rama-silver-idol-tall-arch","200","https://www.ddasilver.com/products/painted-rama-silver-idol-tall-arch","Painted Rama Silver Idol Beneath Tall Arch in… | DDA Silver","false","true","Painted Rama Silver Idol Beneath Tall Arch at DDA Silver in Agra. A hollow 99.80% pure silver standing Rama idol with a bow beneath a tall carved arch…","HM-RM-16 — Painted Rama Silver Idol Beneath Tall Arch","Idols","Painted Rama Silver Idol Beneath Tall Arch","HM-RM-16","99.80%","80 g","Height: 6 in","false","false","1"
"https://www.ddasilver.com/products/painted-seated-bal-krishna-butter-pot","200","https://www.ddasilver.com/products/painted-seated-bal-krishna-butter-pot","Painted Seated Bal Krishna Silver Idol with… | DDA Silver","false","true","Painted Seated Bal Krishna Silver Idol with Butter Pot at DDA Silver in Agra. A hollow 99.80% pure silver seated Bal Krishna idol with a butter pot, peacock…","HM-BK-14 — Painted Seated Bal Krishna Silver Idol with Butter Pot","Idols","Painted Seated Bal Krishna Silver Idol with Butter Pot","HM-BK-14","99.80%","20 g","Height: 3 in","false","false","1"
"https://www.ddasilver.com/products/painted-seated-ganesha-silver-idol-yellow-dhoti","200","https://www.ddasilver.com/products/painted-seated-ganesha-silver-idol-yellow-dhoti","Painted Seated Ganesha Silver Idol with Yellow… | DDA Silver","false","true","Painted Seated Ganesha Silver Idol with Yellow Dhoti at DDA Silver in Agra. A hollow 99.80% pure silver seated Ganesha idol with an ornate crown, yellow…","HM-GN-8 — Painted Seated Ganesha Silver Idol with Yellow Dhoti","Idols","Painted Seated Ganesha Silver Idol with Yellow Dhoti","HM-GN-8","99.80%","30 g","Height: 3 in","false","false","1"
"https://www.ddasilver.com/products/painted-seated-radha-krishna-silver-idol","200","https://www.ddasilver.com/products/painted-seated-radha-krishna-silver-idol","Painted Seated Radha Krishna Silver Idol in Agra | DDA Silver","false","false","Painted Seated Radha Krishna Silver Idol at DDA Silver in Agra. A hollow 99.80% pure silver seated Radha Krishna idol group with colorful hand-painted…","HM-RK-10 — Painted Seated Radha Krishna Silver Idol","Idols","Painted Seated Radha Krishna Silver Idol","HM-RK-10","99.80%","65 g","Height: 4 in","false","false","1"
"https://www.ddasilver.com/products/painted-shiva-family-silver-idol-nandi-shivling","200","https://www.ddasilver.com/products/painted-shiva-family-silver-idol-nandi-shivling","Painted Shiva Family Silver Idol with Nandi… | DDA Silver","false","true","Painted Shiva Family Silver Idol with Nandi and Shivling at DDA Silver in Agra. A hollow 99.80% pure silver Shiva family idol with painted Parvati, Ganesha…","HM-SH-8 — Painted Shiva Family Silver Idol with Nandi and Shivling","Idols","Painted Shiva Family Silver Idol with Nandi and Shivling","HM-SH-8","99.80%","150 g","Height: 5.5 in","false","false","1"
"https://www.ddasilver.com/products/painted-shiva-family-silver-idol-with-nandi","200","https://www.ddasilver.com/products/painted-shiva-family-silver-idol-with-nandi","Painted Shiva Family Silver Idol with Nandi in… | DDA Silver","false","true","Painted Shiva Family Silver Idol with Nandi at DDA Silver in Agra. A hollow 99.80% pure silver Shiva Family idol group with Parvati, Ganesha, Kartikeya…","HM-SH-5 — Painted Shiva Family Silver Idol with Nandi","Idols","Painted Shiva Family Silver Idol with Nandi","HM-SH-5","99.80%","105 g","Height: 4.5 in","false","false","1"
"https://www.ddasilver.com/products/painted-standing-lakshmi-narayan-silver-idol-set","200","https://www.ddasilver.com/products/painted-standing-lakshmi-narayan-silver-idol-set","Painted Standing Lakshmi Narayan Silver Idol… | DDA Silver","false","true","Painted Standing Lakshmi Narayan Silver Idol Set at DDA Silver in Agra. A hollow 99.80% pure silver standing Lakshmi Narayan idol set with hand-painted…","HM-LN-2 — Painted Standing Lakshmi Narayan Silver Idol Set","Idols","Painted Standing Lakshmi Narayan Silver Idol Set","HM-LN-2","99.80%","35 g","Height: 3.5 in","false","false","1"
"https://www.ddasilver.com/products/painted-standing-radha-krishna-silver-idol","200","https://www.ddasilver.com/products/painted-standing-radha-krishna-silver-idol","Painted Standing Radha Krishna Silver Idol in… | DDA Silver","true","true","Painted Standing Radha Krishna Silver Idol at DDA Silver in Agra. A hollow 99.80% pure silver standing Radha Krishna idol group with hand-painted details…","HM-RK-3 — Painted Standing Radha Krishna Silver Idol","Idols","Painted Standing Radha Krishna Silver Idol","HM-RK-3","99.80%","15 g","Height: 3 in","false","false","1"
"https://www.ddasilver.com/products/painted-standing-radha-krishna-silver-idol-on-lotus","200","https://www.ddasilver.com/products/painted-standing-radha-krishna-silver-idol-on-lotus","Painted Standing Radha Krishna Silver Idol on… | DDA Silver","false","true","Painted Standing Radha Krishna Silver Idol on Lotus at DDA Silver in Agra. A hollow 99.80% pure silver standing Radha Krishna idol group on a lotus base with…","HM-RK-11 — Painted Standing Radha Krishna Silver Idol on Lotus","Idols","Painted Standing Radha Krishna Silver Idol on Lotus","HM-RK-11","99.80%","11 g","Height: 2.5 in","false","false","1"
"https://www.ddasilver.com/products/painted-standing-radha-krishna-silver-idol-red-green","200","https://www.ddasilver.com/products/painted-standing-radha-krishna-silver-idol-red-green","Painted Standing Radha Krishna Silver Idol in… | DDA Silver","true","true","Painted Standing Radha Krishna Silver Idol in Red and Green at DDA Silver in Agra. A hollow 99.80% pure silver standing Radha Krishna idol group with a flute…","HM-RK-7 — Painted Standing Radha Krishna Silver Idol in Red and Green","Idols","Painted Standing Radha Krishna Silver Idol in Red and Green","HM-RK-7","99.80%","35 g","Height: 3.5 in","false","false","1"
"https://www.ddasilver.com/products/painted-standing-radha-krishna-silver-idol-yellow","200","https://www.ddasilver.com/products/painted-standing-radha-krishna-silver-idol-yellow","Painted Standing Radha Krishna Silver Idol in… | DDA Silver","true","true","Painted Standing Radha Krishna Silver Idol in Yellow at DDA Silver in Agra. A hollow 99.80% pure silver standing Radha Krishna idol group with yellow garments…","HM-RK-6 — Painted Standing Radha Krishna Silver Idol in Yellow","Idols","Painted Standing Radha Krishna Silver Idol in Yellow","HM-RK-6","99.80%","25 g","Height: 3.5 in","false","false","1"
"https://www.ddasilver.com/products/painted-tulsi-pedestal-silver-idol","200","https://www.ddasilver.com/products/painted-tulsi-pedestal-silver-idol","Painted Tulsi Pedestal Silver Idol in Agra | DDA Silver","false","false","Painted Tulsi Pedestal Silver Idol at DDA Silver in Agra. A hollow 99.80% pure silver Tulsi pedestal with an engraved shrine body, swastika motif, and green…","HM-TS-1 — Painted Tulsi Pedestal Silver Idol","Idols","Painted Tulsi Pedestal Silver Idol","HM-TS-1","99.80%","15 g","Height: 2.5 in","false","false","1"
"https://www.ddasilver.com/products/painted-turtle-silver-figurine-pair","200","https://www.ddasilver.com/products/painted-turtle-silver-figurine-pair","Painted Turtle Silver Figurine Pair in Agra | DDA Silver","false","false","Painted Turtle Silver Figurine Pair at DDA Silver in Agra. A hollow 99.80% pure silver pair of turtle figurines with patterned shells and restrained yellow…","HM-TL-1 — Painted Turtle Silver Figurine Pair","Idols","Painted Turtle Silver Figurine Pair","HM-TL-1","99.80%","15 g","Height: 1 in","false","false","1"
"https://www.ddasilver.com/products/paired-falcon-silver-sculptures","200","https://www.ddasilver.com/products/paired-falcon-silver-sculptures","Paired Falcon Silver Sculptures in Agra | DDA Silver","false","false","Paired Falcon Silver Sculptures at DDA Silver in Agra. A pair of perched silver falcon sculptures on textured branch bases. Weight: 85 g. Height: 2.5 in…","Paired Falcon Silver Sculptures","Gifts","Paired Falcon Silver Sculptures","DDA-GF-PICS-31","92.5%","85 g","Height: 2.5 in","false","false","1"
"https://www.ddasilver.com/products/paired-swan-silver-sculpture","200","https://www.ddasilver.com/products/paired-swan-silver-sculpture","Paired Swan Silver Sculpture in Agra | DDA Silver","false","false","Paired Swan Silver Sculpture at DDA Silver in Agra. A paired silver swan sculpture with fanned tails and inward-curving necks. Weight: 240 g. Height: 1.5 in…","Paired Swan Silver Sculpture","Gifts","Paired Swan Silver Sculpture","DDA-GF-PICS-29","92.5%","240 g","Height: 1.5 in","false","false","1"
"https://www.ddasilver.com/products/paisley-floral-silver-purse-440g","200","https://www.ddasilver.com/products/paisley-floral-silver-purse-440g","Paisley Floral Silver Purse in Agra | DDA Silver","false","false","Paisley Floral Silver Purse at DDA Silver in Agra. A wide 92.5% silver purse richly worked with paisley scrolls, floral relief, a curved handle, densely…","PR-14 — Paisley Floral Silver Purse","Purse","Paisley Floral Silver Purse","PR-14","92.5%","440 g","","false","false","1"
"https://www.ddasilver.com/products/panchmukhi-ganesha-semi-solid-silver-idol","200","https://www.ddasilver.com/products/panchmukhi-ganesha-semi-solid-silver-idol","Panchmukhi Ganesha Semi-solid Silver Idol in… | DDA Silver","false","true","Panchmukhi Ganesha Semi-solid Silver Idol at DDA Silver in Agra. A semi-solid 92.5% silver Panchmukhi Ganesha idol with five elephant faces and multiple…","Panchmukhi Ganesha Semi-solid Silver Idol","Idols","Panchmukhi Ganesha Semi-solid Silver Idol","SSM-GN-1","92.5%","1500 g","Height: 6 in","false","false","1"
"https://www.ddasilver.com/products/panchmukhi-hanuman-semi-solid-silver-idol","200","https://www.ddasilver.com/products/panchmukhi-hanuman-semi-solid-silver-idol","Panchmukhi Hanuman Semi-solid Silver Idol in… | DDA Silver","false","true","Panchmukhi Hanuman Semi-solid Silver Idol at DDA Silver in Agra. A semi-solid 92.5% silver Panchmukhi Hanuman idol with five faces and multiple devotional…","Panchmukhi Hanuman Semi-solid Silver Idol","Idols","Panchmukhi Hanuman Semi-solid Silver Idol","SSM-HN-1","92.5%","450 g","Height: 4.5 in","false","false","1"
"https://www.ddasilver.com/products/panchmukhi-hanuman-silver-idol","200","https://www.ddasilver.com/products/panchmukhi-hanuman-silver-idol","Panchmukhi Hanuman Silver Idol in Agra | DDA Silver","false","false","Panchmukhi Hanuman Silver Idol at DDA Silver in Agra. A hollow 99.80% pure silver Panchmukhi Hanuman idol with five faces and multiple arms. Weight: 50 g…","HM-HN-1 — Panchmukhi Hanuman Silver Idol","Idols","Panchmukhi Hanuman Silver Idol","HM-HN-1","99.80%","50 g","Height: 3.5 in","false","false","1"
"https://www.ddasilver.com/products/parshvanath-cobra-hood-semi-solid-silver-idol","200","https://www.ddasilver.com/products/parshvanath-cobra-hood-semi-solid-silver-idol","Parshvanath Cobra Hood Semi-solid Silver Idol… | DDA Silver","false","true","Parshvanath Cobra Hood Semi-solid Silver Idol at DDA Silver in Agra. A semi-solid 92.5% silver Parshvanath seated in meditation beneath a multi-headed cobra…","Parshvanath Cobra Hood Semi-solid Silver Idol","Idols","Parshvanath Cobra Hood Semi-solid Silver Idol","SSM-PS-1","92.5%","125 g","Height: 3 in","false","false","1"
"https://www.ddasilver.com/products/peacock-arch-floral-seat-silver-jhula","200","https://www.ddasilver.com/products/peacock-arch-floral-seat-silver-jhula","Peacock Arch Floral Seat Silver Jhula in Agra | DDA Silver","false","false","Peacock Arch Floral Seat Silver Jhula at DDA Silver in Agra. A 92.5% silver jhula with a fan-tail peacock finial, paired peacocks, a carved arch and a floral…","Peacock Arch Floral Seat Silver Jhula","Jhula","Peacock Arch Floral Seat Silver Jhula","JH-12","92.5%","2400 g","Singhasan dimensions: 9 × 7 in","false","false","1"
"https://www.ddasilver.com/products/peacock-arch-silver-jhula","200","https://www.ddasilver.com/products/peacock-arch-silver-jhula","Peacock-Arch Silver Jhula in Agra | DDA Silver","false","false","Peacock-Arch Silver Jhula at DDA Silver in Agra. An ornate silver jhula with peacock details, floral arches and a suspended seat. Weight: 545 g. Singhasan: 5…","Peacock-Arch Silver Jhula","Jhula","Peacock-Arch Silver Jhula","JH-18","92.5%","545 g","Singhasan dimensions: 5 × 4 in","false","false","1"
"https://www.ddasilver.com/products/peacock-crown-three-tier-silver-hatri","200","https://www.ddasilver.com/products/peacock-crown-three-tier-silver-hatri","Peacock-Crown Three-Tier Silver Hatri in Agra | DDA Silver","false","false","Peacock-Crown Three-Tier Silver Hatri at DDA Silver in Agra. A three-tier house-shaped silver Hatri with an ornate peacock crown and engraved arches for…","Peacock-Crown Three-Tier Silver Hatri","Gifts","Peacock-Crown Three-Tier Silver Hatri","DDA-GF-PICS-14","92.5%","685 g","Height: 11 in","false","false","1"
"https://www.ddasilver.com/products/peacock-fan-two-tier-silver-singhasan","200","https://www.ddasilver.com/products/peacock-fan-two-tier-silver-singhasan","Peacock-Fan Two-Tier Silver Singhasan in Agra | DDA Silver","false","false","Peacock-Fan Two-Tier Silver Singhasan at DDA Silver in Agra. A two-tier silver singhasan weighing 700 g, with a fan-tail peacock back, floral engraving…","Peacock-Fan Two-Tier Silver Singhasan","Gifts","Peacock-Fan Two-Tier Silver Singhasan","SG-22","92.5%","700 g","Width: 7 in | Depth: 5 in","false","false","1"
"https://www.ddasilver.com/products/peacock-feather-enamel-puja-thali-set","200","https://www.ddasilver.com/products/peacock-feather-enamel-puja-thali-set","Peacock-Feather Enamel Puja Thali Set in Agra | DDA Silver","false","false","Peacock-Feather Enamel Puja Thali Set at DDA Silver in Agra. A silver puja thali with blue, green and yellow peacock-feather enamel, an open box, bowl and…","Peacock-Feather Enamel Puja Thali Set","Utensils","Peacock-Feather Enamel Puja Thali Set","DDA-UT-PT-8","92.5%","806 g","Diameter: 10 in","false","false","1"
"https://www.ddasilver.com/products/peacock-floral-arch-silver-jhula","200","https://www.ddasilver.com/products/peacock-floral-arch-silver-jhula","Peacock Floral Arch Silver Jhula in Agra | DDA Silver","false","false","Peacock Floral Arch Silver Jhula at DDA Silver in Agra. A 92.5% silver peacock-and-floral jhula weighing 1400 g, with a 9 × 7 inch singhasan measured…","Peacock Floral Arch Silver Jhula","Jhula","Peacock Floral Arch Silver Jhula","JH-03","92.5%","1400 g","Singhasan dimensions: 9 × 7 in","false","false","1"
"https://www.ddasilver.com/products/peacock-floral-silver-clutch-purse","200","https://www.ddasilver.com/products/peacock-floral-silver-clutch-purse","Peacock Floral Silver Clutch Purse in Agra | DDA Silver","false","false","Peacock Floral Silver Clutch Purse at DDA Silver in Agra. A silver clutch purse weighing 410 g, with a sculpted handle, peacock motifs, dense floral relief…","Peacock Floral Silver Clutch Purse","Purse","Peacock Floral Silver Clutch Purse","PR-23","92.5%","410 g","","false","false","1"
"https://www.ddasilver.com/products/peacock-flower-thali-set-10in-500g","200","https://www.ddasilver.com/products/peacock-flower-thali-set-10in-500g","DDA 10 Inch Peacock Flower Pooja Thali Set in… | DDA Silver","false","true","DDA 10 Inch Peacock Flower Pooja Thali Set at DDA Silver in Agra. A 500 gram, 10-inch Pooja Thali Set in confirmed 92.5% silver with a layered central flower…","DDA 10 Inch Peacock Flower Pooja Thali Set","Utensils","DDA 10 Inch Peacock Flower Pooja Thali Set","DDA-UT-PT-2212","92.5%","500 g","Diameter: 10 in","false","false","1"
"https://www.ddasilver.com/products/peacock-footed-octagonal-silver-box","200","https://www.ddasilver.com/products/peacock-footed-octagonal-silver-box","Peacock-Footed Octagonal Silver Box in Agra | DDA Silver","false","false","Peacock-Footed Octagonal Silver Box at DDA Silver in Agra. An octagonal footed silver box with dense floral relief and peacock-form side details. Weight: 977…","Peacock-Footed Octagonal Silver Box","Gifts","Peacock-Footed Octagonal Silver Box","DDA-GF-PICS-61","92.5%","977 g","Width: 7.5 in | Depth: 5.5 in","false","false","1"
"https://www.ddasilver.com/products/peacock-handle-floral-puja-thali-set","200","https://www.ddasilver.com/products/peacock-handle-floral-puja-thali-set","Peacock-Handle Floral Puja Thali Set in Agra | DDA Silver","false","false","Peacock-Handle Floral Puja Thali Set at DDA Silver in Agra. A layered floral silver puja thali with a peacock handle, kalash and two bowls. Weight: 500 g…","Peacock-Handle Floral Puja Thali Set","Utensils","Peacock-Handle Floral Puja Thali Set","DDA-UT-PT-2","92.5%","500 g","Diameter: 10 in","false","false","1"
"https://www.ddasilver.com/products/peacock-leaf-crest-silver-jhula","200","https://www.ddasilver.com/products/peacock-leaf-crest-silver-jhula","Peacock Leaf Crest Silver Jhula in Agra | DDA Silver","false","false","Peacock Leaf Crest Silver Jhula at DDA Silver in Agra. A distinct 92.5% silver jhula with peacock finials, a leaf-shaped crest, engraved supports and an…","Peacock Leaf Crest Silver Jhula","Jhula","Peacock Leaf Crest Silver Jhula","JH-02","92.5%","1260 g","","false","false","1"
"https://www.ddasilver.com/products/peacock-motif-silver-purse-400g","200","https://www.ddasilver.com/products/peacock-motif-silver-purse-400g","DDA 400 Gram Peacock Motif Silver Purse in Agra | DDA Silver","false","false","DDA 400 Gram Peacock Motif Silver Purse at DDA Silver in Agra. A 400 gram purse in confirmed 92.5% silver with a peacock motif, geometric field, and circular…","DDA 400 Gram Peacock Motif Silver Purse","Purse","DDA 400 Gram Peacock Motif Silver Purse","PR-2204","92.5%","400 g","","false","false","1"
"https://www.ddasilver.com/products/peacock-purple-fringe-silver-purse","200","https://www.ddasilver.com/products/peacock-purple-fringe-silver-purse","Peacock Purple Fringe Silver Purse in Agra | DDA Silver","false","false","Peacock Purple Fringe Silver Purse at DDA Silver in Agra. An ornate 92.5% silver purse with peacock motifs, colored stones and a layered purple bead fringe…","Peacock Purple Fringe Silver Purse","Purse","Peacock Purple Fringe Silver Purse","PR-18","92.5%","643 g","","false","false","1"
"https://www.ddasilver.com/products/peacock-ruby-stone-egg-silver-sindoor-dani","200","https://www.ddasilver.com/products/peacock-ruby-stone-egg-silver-sindoor-dani","Peacock Ruby Stone Egg Silver Sindoor Dani in… | DDA Silver","false","true","Peacock Ruby Stone Egg Silver Sindoor Dani at DDA Silver in Agra. An egg-shaped 92.5% silver Sindoor Dani with peacock scrollwork and ruby-colored stones…","Peacock Ruby Stone Egg Silver Sindoor Dani","Gifts","Peacock Ruby Stone Egg Silver Sindoor Dani","SD-06","92.5%","75 g","Height: 2 in","false","false","1"
"https://www.ddasilver.com/products/peacock-throne-ganesha-silver-idol","200","https://www.ddasilver.com/products/peacock-throne-ganesha-silver-idol","Peacock-Throne Ganesha Silver Idol in Agra | DDA Silver","false","false","Peacock-Throne Ganesha Silver Idol at DDA Silver in Agra. A Ganesha silver idol seated on an ornate throne with peacock and mouse details. Weight: 750 g…","Peacock-Throne Ganesha Silver Idol","Idols","Peacock-Throne Ganesha Silver Idol","SSM-GN-4","92.5%","750 g","Height: 5.5 in","false","false","1"
"https://www.ddasilver.com/products/petite-laddu-gopal-crawling-silver-idol","200","https://www.ddasilver.com/products/petite-laddu-gopal-crawling-silver-idol","Petite Laddu Gopal Crawling Silver Idol in Agra | DDA Silver","false","false","Petite Laddu Gopal Crawling Silver Idol at DDA Silver in Agra. A petite crawling Laddu Gopal silver idol holding a laddu with fine engraved ornaments. Weight…","Petite Laddu Gopal Crawling Silver Idol","Idols","Petite Laddu Gopal Crawling Silver Idol","SSM-BK-4","92.5%","136 g","Height: 2.5 in","false","false","1"
"https://www.ddasilver.com/products/petite-pointed-dome-silver-hatri","200","https://www.ddasilver.com/products/petite-pointed-dome-silver-hatri","Petite Pointed-Dome Silver Hatri in Agra | DDA Silver","false","false","Petite Pointed-Dome Silver Hatri at DDA Silver in Agra. A petite house-shaped silver Hatri with a pointed dome, finial and three ritual cups for Diwali puja…","Petite Pointed-Dome Silver Hatri","Gifts","Petite Pointed-Dome Silver Hatri","DDA-GF-PICS-17","92.5%","458 g","Height: 9 in","false","false","1"
"https://www.ddasilver.com/products/petite-pointed-floral-silver-singhasan","200","https://www.ddasilver.com/products/petite-pointed-floral-silver-singhasan","Petite Pointed Floral Silver Singhasan in Agra | DDA Silver","false","false","Petite Pointed Floral Silver Singhasan at DDA Silver in Agra. A petite silver singhasan weighing 85 g, with a pointed floral back, engraved seat, delicate…","Petite Pointed Floral Silver Singhasan","Gifts","Petite Pointed Floral Silver Singhasan","SG-14","92.5%","85 g","Width: 2 in | Depth: 2.5 in","false","false","1"
"https://www.ddasilver.com/products/pink-accent-floral-round-silver-singhasan","200","https://www.ddasilver.com/products/pink-accent-floral-round-silver-singhasan","Pink-Accent Floral Round Silver Singhasan in… | DDA Silver","false","true","Pink-Accent Floral Round Silver Singhasan at DDA Silver in Agra. A round silver singhasan weighing 400 g, with pink floral accents, openwork back, engraved…","Pink-Accent Floral Round Silver Singhasan","Gifts","Pink-Accent Floral Round Silver Singhasan","SG-23","92.5%","400 g","Width: 7 in | Depth: 5 in","false","false","1"
"https://www.ddasilver.com/products/pink-red-jeweled-silver-clutch-500g","200","https://www.ddasilver.com/products/pink-red-jeweled-silver-clutch-500g","Pink and Red Jeweled Silver Clutch in Agra | DDA Silver","false","false","Pink and Red Jeweled Silver Clutch at DDA Silver in Agra. A ceremonial 92.5% silver clutch embellished with pink and red stones, gold accents, a large red…","PR-16 — Pink and Red Jeweled Silver Clutch","Purse","Pink and Red Jeweled Silver Clutch","PR-16","92.5%","500 g","","false","false","1"
"https://www.ddasilver.com/products/pink-stone-enamel-floral-silver-box","200","https://www.ddasilver.com/products/pink-stone-enamel-floral-silver-box","Pink-Stone Enamel Floral Silver Box in Agra | DDA Silver","false","false","Pink-Stone Enamel Floral Silver Box at DDA Silver in Agra. A rectangular engraved silver box with green enamel leaves and a pale pink stone cabochon. Weight…","Pink-Stone Enamel Floral Silver Box","Gifts","Pink-Stone Enamel Floral Silver Box","DDA-GF-PICS-59","92.5%","700 g","Width: 8 in | Depth: 5 in","false","false","1"
"https://www.ddasilver.com/products/plain-brushed-silver-bottle","200","https://www.ddasilver.com/products/plain-brushed-silver-bottle","Plain Brushed Silver Bottle in Agra | DDA Silver","false","false","Plain Brushed Silver Bottle at DDA Silver in Agra. A plain brushed silver bottle weighing 325 g and standing 10 in high, with a tall cylindrical profile…","Plain Brushed Silver Bottle","Utensils","Plain Brushed Silver Bottle","DDA-UT-BT-104","92.5%","325 g","Height: 10 in","false","false","1"
"https://www.ddasilver.com/products/plain-glass-lid-silver-sindoor-dani","200","https://www.ddasilver.com/products/plain-glass-lid-silver-sindoor-dani","Plain Glass-Lid Silver Sindoor Dani in Agra | DDA Silver","false","false","Plain Glass-Lid Silver Sindoor Dani at DDA Silver in Agra. A plain silver Sindoor Dani weighing 30 g, with a smooth round body, transparent glass lid and…","Plain Glass-Lid Silver Sindoor Dani","Gifts","Plain Glass-Lid Silver Sindoor Dani","SD-12","92.5%","30 g","Height: 3 in | Diameter: 2.5 in","false","false","1"
"https://www.ddasilver.com/products/plain-nine-piece-silver-jain-pooja-box-set","200","https://www.ddasilver.com/products/plain-nine-piece-silver-jain-pooja-box-set","Plain Nine-Piece Silver Jain Pooja Box Set in… | DDA Silver","false","true","Plain Nine-Piece Silver Jain Pooja Box Set at DDA Silver in Agra. A plain nine-piece Jain pooja box set offered in four supplied variants: 350 g/5 in, 450 g/6…","Plain Nine-Piece Silver Jain Pooja Box Set","Gifts","Plain Nine-Piece Silver Jain Pooja Box Set","JPB-01","92.5%","","Available sizes: 350 g / 5 in diameter, 450 g / 6 in diameter, 550 g / 7 in diameter, 800 g / 8 in diameter","true","false","1"
"https://www.ddasilver.com/products/plain-polished-silver-bottle","200","https://www.ddasilver.com/products/plain-polished-silver-bottle","Plain Polished Silver Bottle in Agra | DDA Silver","false","false","Plain Polished Silver Bottle at DDA Silver in Agra. A plain polished silver bottle weighing 300 g and standing 8 in high, with a smooth cylindrical body…","Plain Polished Silver Bottle","Utensils","Plain Polished Silver Bottle","DDA-UT-BT-103","92.5%","300 g","Height: 8 in","false","false","1"
"https://www.ddasilver.com/products/polished-rim-silver-bowl","200","https://www.ddasilver.com/products/polished-rim-silver-bowl","Polished-Rim Silver Bowl in Agra | DDA Silver","false","false","Polished-Rim Silver Bowl at DDA Silver in Agra. A polished-rim bowl in confirmed 99.80% pure silver, with a supplied weight of 60 g and diameter of 4.5 in.","Polished-Rim Silver Bowl","Utensils","Polished-Rim Silver Bowl","","99.80%","60 g","Diameter: 4.5 in","false","true","1"
"https://www.ddasilver.com/products/polished-rim-silver-tumbler","200","https://www.ddasilver.com/products/polished-rim-silver-tumbler","Polished-Rim Silver Glass in Agra | DDA Silver","false","false","Polished-Rim Silver Glass at DDA Silver in Agra. A polished-rim glass in confirmed 99.80% pure silver, with a supplied weight of 40 g and height of 3 in.","Polished-Rim Silver Glass","Utensils","Polished-Rim Silver Glass","","99.80%","40 g","Height: 3 in","false","true","1"
"https://www.ddasilver.com/products/purple-stone-devotional-cylinder-silver-sindoor-dani","200","https://www.ddasilver.com/products/purple-stone-devotional-cylinder-silver-sindoor-dani","Purple Stone Devotional Cylinder Silver… | DDA Silver","false","true","Purple Stone Devotional Cylinder Silver Sindoor Dani at DDA Silver in Agra. A small cylindrical 92.5% silver Sindoor Dani with devotional motifs, purple…","Purple Stone Devotional Cylinder Silver Sindoor Dani","Gifts","Purple Stone Devotional Cylinder Silver Sindoor Dani","SD-09","92.5%","","","true","false","1"
"https://www.ddasilver.com/products/purple-throne-lakshmi-ganesha-silver-idols","200","https://www.ddasilver.com/products/purple-throne-lakshmi-ganesha-silver-idols","Purple Throne Lakshmi Ganesha Silver Idols in… | DDA Silver","false","true","Purple Throne Lakshmi Ganesha Silver Idols at DDA Silver in Agra. A semi-solid 92.5% silver Lakshmi Ganesha pair on separate purple-stone throne platforms…","Purple Throne Lakshmi Ganesha Silver Idols","Idols","Purple Throne Lakshmi Ganesha Silver Idols","SSM-LG-4","92.5%","300 g","Height: 3 in","false","false","1"
"https://www.ddasilver.com/products/queen-elizabeth-tree-of-life-square-coin-100g","200","https://www.ddasilver.com/products/queen-elizabeth-tree-of-life-square-coin-100g","DDA 100 Gram Queen Elizabeth Tree of Life… | DDA Silver","false","true","DDA 100 Gram Queen Elizabeth Tree of Life Square Silver Coin at DDA Silver in Agra. A 100 gram silver piece featuring a Queen Elizabeth II portrait and Tree…","DDA 100 Gram Queen Elizabeth Tree of Life Square Silver Coin","Coin","DDA 100 Gram Queen Elizabeth Tree of Life Square Silver Coin","DDA-COIN-20260822-020","99.80%","100 g","","false","false","1"
"https://www.ddasilver.com/products/queen-elizabeth-tree-of-life-square-coin-10g","200","https://www.ddasilver.com/products/queen-elizabeth-tree-of-life-square-coin-10g","DDA 10 Gram Queen Elizabeth Tree of Life… | DDA Silver","false","true","DDA 10 Gram Queen Elizabeth Tree of Life Square Silver Coin at DDA Silver in Agra. A 10 gram silver piece featuring a Queen Elizabeth II portrait and Tree of…","DDA 10 Gram Queen Elizabeth Tree of Life Square Silver Coin","Coin","DDA 10 Gram Queen Elizabeth Tree of Life Square Silver Coin","DDA-COIN-20260822-021","99.80%","10 g","","false","false","1"
"https://www.ddasilver.com/products/queen-elizabeth-tree-of-life-square-coin-20g","200","https://www.ddasilver.com/products/queen-elizabeth-tree-of-life-square-coin-20g","DDA 20 Gram Queen Elizabeth Tree of Life… | DDA Silver","false","true","DDA 20 Gram Queen Elizabeth Tree of Life Square Silver Coin at DDA Silver in Agra. A 20 gram silver piece featuring a Queen Elizabeth II portrait and Tree of…","DDA 20 Gram Queen Elizabeth Tree of Life Square Silver Coin","Coin","DDA 20 Gram Queen Elizabeth Tree of Life Square Silver Coin","DDA-COIN-20260822-022","99.80%","20 g","","false","false","1"
"https://www.ddasilver.com/products/queen-elizabeth-tree-of-life-square-coin-50g","200","https://www.ddasilver.com/products/queen-elizabeth-tree-of-life-square-coin-50g","DDA 50 Gram Queen Elizabeth Tree of Life… | DDA Silver","false","true","DDA 50 Gram Queen Elizabeth Tree of Life Square Silver Coin at DDA Silver in Agra. A 50 gram silver piece featuring a Queen Elizabeth II portrait and Tree of…","DDA 50 Gram Queen Elizabeth Tree of Life Square Silver Coin","Coin","DDA 50 Gram Queen Elizabeth Tree of Life Square Silver Coin","DDA-COIN-20260822-019","99.80%","50 g","","false","false","1"
"https://www.ddasilver.com/products/radha-krishna-all-silver-oval-coin-20g","200","https://www.ddasilver.com/products/radha-krishna-all-silver-oval-coin-20g","DDA 20 Gram Radha Krishna Oval Silver Coin in… | DDA Silver","false","true","DDA 20 Gram Radha Krishna Oval Silver Coin at DDA Silver in Agra. A 20 gram silver piece featuring an all-silver Radha Krishna scene and ornamental reverse…","DDA 20 Gram Radha Krishna Oval Silver Coin","Coin","DDA 20 Gram Radha Krishna Oval Silver Coin","DDA-COIN-20260822-031","99.80%","20 g","","false","false","1"
"https://www.ddasilver.com/products/radha-krishna-all-silver-oval-coin-25g","200","https://www.ddasilver.com/products/radha-krishna-all-silver-oval-coin-25g","DDA 25 Gram Radha Krishna Oval Silver Coin in… | DDA Silver","false","true","DDA 25 Gram Radha Krishna Oval Silver Coin at DDA Silver in Agra. A 25 gram silver piece featuring an all-silver Radha Krishna scene and ornamental reverse…","DDA 25 Gram Radha Krishna Oval Silver Coin","Coin","DDA 25 Gram Radha Krishna Oval Silver Coin","DDA-COIN-20260822-026","99.80%","25 g","","false","false","1"
"https://www.ddasilver.com/products/radha-krishna-all-silver-oval-coin-50g","200","https://www.ddasilver.com/products/radha-krishna-all-silver-oval-coin-50g","DDA 50 Gram Radha Krishna Oval Silver Coin in… | DDA Silver","false","true","DDA 50 Gram Radha Krishna Oval Silver Coin at DDA Silver in Agra. A 50 gram silver piece featuring an all-silver Radha Krishna scene and ornamental reverse…","DDA 50 Gram Radha Krishna Oval Silver Coin","Coin","DDA 50 Gram Radha Krishna Oval Silver Coin","DDA-COIN-20260822-032","99.80%","50 g","","false","false","1"
"https://www.ddasilver.com/products/radha-krishna-all-silver-oval-coin-5g","200","https://www.ddasilver.com/products/radha-krishna-all-silver-oval-coin-5g","DDA 5 Gram Radha Krishna Oval Silver Coin in… | DDA Silver","false","true","DDA 5 Gram Radha Krishna Oval Silver Coin at DDA Silver in Agra. A 5 gram silver piece featuring an all-silver Radha Krishna face and ornamental reverse…","DDA 5 Gram Radha Krishna Oval Silver Coin","Coin","DDA 5 Gram Radha Krishna Oval Silver Coin","DDA-COIN-20260822-065","99.80%","5 g","","false","false","2"
"https://www.ddasilver.com/products/radha-krishna-all-silver-oval-coin-single-face","200","https://www.ddasilver.com/products/radha-krishna-all-silver-oval-coin-single-face","DDA Radha Krishna Oval Silver Coin Front in Agra | DDA Silver","false","false","DDA Radha Krishna Oval Silver Coin Front at DDA Silver in Agra. A 10 gram silver piece featuring a single-face all-silver Radha Krishna composition…","DDA Radha Krishna Oval Silver Coin Front","Coin","DDA Radha Krishna Oval Silver Coin Front","DDA-COIN-20260822-053","99.80%","10 g","","false","false","1"
"https://www.ddasilver.com/products/radha-krishna-silver-idol-flute-double-lotus","200","https://www.ddasilver.com/products/radha-krishna-silver-idol-flute-double-lotus","Radha Krishna Silver Idol with Flute on Double… | DDA Silver","false","true","Radha Krishna Silver Idol with Flute on Double Lotus at DDA Silver in Agra. A hollow 99.80% pure silver Radha Krishna idol with a flute and gold-toned details…","HM-RK-22 — Radha Krishna Silver Idol with Flute on Double Lotus","Idols","Radha Krishna Silver Idol with Flute on Double Lotus","HM-RK-22","99.80%","150 g","Height: 7 in","false","false","1"
"https://www.ddasilver.com/products/radha-krishna-silver-idol-flute-gold-accents","200","https://www.ddasilver.com/products/radha-krishna-silver-idol-flute-gold-accents","Radha Krishna Silver Idol with Flute and Gold… | DDA Silver","false","true","Radha Krishna Silver Idol with Flute and Gold Accents at DDA Silver in Agra. A hollow 99.80% pure silver Radha Krishna idol with Krishna playing the flute and…","HM-RK-14 — Radha Krishna Silver Idol with Flute and Gold Accents","Idols","Radha Krishna Silver Idol with Flute and Gold Accents","HM-RK-14","99.80%","80 g","Height: 5.5 in","false","false","1"
"https://www.ddasilver.com/products/radha-krishna-silver-idol-with-cow","200","https://www.ddasilver.com/products/radha-krishna-silver-idol-with-cow","Radha Krishna Silver Idol with Cow in Agra | DDA Silver","false","false","Radha Krishna Silver Idol with Cow at DDA Silver in Agra. A hollow 99.80% pure silver Radha Krishna idol group with Krishna playing the flute beside a cow…","HM-RK-8 — Radha Krishna Silver Idol with Cow","Idols","Radha Krishna Silver Idol with Cow","HM-RK-8","99.80%","40 g","Height: 3 in","false","false","1"
"https://www.ddasilver.com/products/radha-krishna-silver-idol-with-flute-15g","200","https://www.ddasilver.com/products/radha-krishna-silver-idol-with-flute-15g","Radha Krishna Silver Idol with Flute in Agra | DDA Silver","false","false","Radha Krishna Silver Idol with Flute at DDA Silver in Agra. A hollow 99.80% pure silver standing Radha Krishna idol group with Krishna playing the flute…","HM-RK-4 — Radha Krishna Silver Idol with Flute","Idols","Radha Krishna Silver Idol with Flute","HM-RK-4","99.80%","15 g","Height: 2.5 in","false","false","1"
"https://www.ddasilver.com/products/radha-krishna-silver-idol-with-flute-on-lotus","200","https://www.ddasilver.com/products/radha-krishna-silver-idol-with-flute-on-lotus","Radha Krishna Silver Idol with Flute on Lotus… | DDA Silver","false","true","Radha Krishna Silver Idol with Flute on Lotus at DDA Silver in Agra. A hollow 99.80% pure silver standing Radha Krishna idol group with Krishna playing the…","HM-RK-9 — Radha Krishna Silver Idol with Flute on Lotus","Idols","Radha Krishna Silver Idol with Flute on Lotus","HM-RK-9","99.80%","30 g","Height: 4 in","false","false","1"
"https://www.ddasilver.com/products/radha-krishna-silver-idol-with-peacock","200","https://www.ddasilver.com/products/radha-krishna-silver-idol-with-peacock","Radha Krishna Silver Idol with Peacock in Agra | DDA Silver","false","false","Radha Krishna Silver Idol with Peacock at DDA Silver in Agra. A hollow 99.80% pure silver Radha Krishna idol group with a peacock. Weight: 15 g. Height: 2 in.","HM-RK-1 — Radha Krishna Silver Idol with Peacock","Idols","Radha Krishna Silver Idol with Peacock","HM-RK-1","99.80%","15 g","Height: 2 in","false","false","1"
"https://www.ddasilver.com/products/radha-krishna-two-tone-oval-coin-10g","200","https://www.ddasilver.com/products/radha-krishna-two-tone-oval-coin-10g","DDA 10 Gram Radha Krishna Two-Tone Oval Silver… | DDA Silver","false","true","DDA 10 Gram Radha Krishna Two-Tone Oval Silver Coin at DDA Silver in Agra. A 10 gram silver piece featuring Radha and Krishna beside a cow, peacock, and tree…","DDA 10 Gram Radha Krishna Two-Tone Oval Silver Coin","Coin","DDA 10 Gram Radha Krishna Two-Tone Oval Silver Coin","DDA-COIN-20260822-009","99.80%","10 g","","false","false","1"
"https://www.ddasilver.com/products/radha-krishna-two-tone-oval-coin-15g-single-face","200","https://www.ddasilver.com/products/radha-krishna-two-tone-oval-coin-15g-single-face","DDA 15 Gram Radha Krishna Two-Tone Oval Silver… | DDA Silver","false","true","DDA 15 Gram Radha Krishna Two-Tone Oval Silver Coin Front at DDA Silver in Agra. A 15 gram silver piece featuring a single-face gold-tone Radha Krishna…","DDA 15 Gram Radha Krishna Two-Tone Oval Silver Coin Front","Coin","DDA 15 Gram Radha Krishna Two-Tone Oval Silver Coin Front","DDA-COIN-20260822-051","99.80%","15 g","","false","false","1"
"https://www.ddasilver.com/products/radha-krishna-two-tone-oval-coin-20g","200","https://www.ddasilver.com/products/radha-krishna-two-tone-oval-coin-20g","DDA 20 Gram Radha Krishna Two-Tone Oval Silver… | DDA Silver","false","true","DDA 20 Gram Radha Krishna Two-Tone Oval Silver Coin at DDA Silver in Agra. A 20 gram silver piece featuring Radha and Krishna beside a cow, peacock, and tree…","DDA 20 Gram Radha Krishna Two-Tone Oval Silver Coin","Coin","DDA 20 Gram Radha Krishna Two-Tone Oval Silver Coin","DDA-COIN-20260822-010","99.80%","20 g","","false","false","1"
"https://www.ddasilver.com/products/radha-krishna-two-tone-oval-coin-25g","200","https://www.ddasilver.com/products/radha-krishna-two-tone-oval-coin-25g","DDA 25 Gram Radha Krishna Two-Tone Oval Silver… | DDA Silver","false","true","DDA 25 Gram Radha Krishna Two-Tone Oval Silver Coin at DDA Silver in Agra. A 25 gram silver piece featuring Radha and Krishna beside a cow, peacock, and tree…","DDA 25 Gram Radha Krishna Two-Tone Oval Silver Coin","Coin","DDA 25 Gram Radha Krishna Two-Tone Oval Silver Coin","DDA-COIN-20260822-015","99.80%","25 g","","false","false","1"
"https://www.ddasilver.com/products/radha-krishna-two-tone-oval-coin-50g","200","https://www.ddasilver.com/products/radha-krishna-two-tone-oval-coin-50g","DDA 50 Gram Radha Krishna Two-Tone Oval Silver… | DDA Silver","false","true","DDA 50 Gram Radha Krishna Two-Tone Oval Silver Coin at DDA Silver in Agra. A 50 gram silver piece featuring Radha and Krishna beside a cow, peacock, and tree…","DDA 50 Gram Radha Krishna Two-Tone Oval Silver Coin","Coin","DDA 50 Gram Radha Krishna Two-Tone Oval Silver Coin","DDA-COIN-20260822-016","99.80%","50 g","","false","false","1"
"https://www.ddasilver.com/products/radha-krishna-two-tone-oval-coin-5g","200","https://www.ddasilver.com/products/radha-krishna-two-tone-oval-coin-5g","DDA 5 Gram Radha Krishna Two-Tone Oval Silver… | DDA Silver","false","true","DDA 5 Gram Radha Krishna Two-Tone Oval Silver Coin at DDA Silver in Agra. A 5 gram silver piece featuring a gold-tone Radha Krishna face and ornamental…","DDA 5 Gram Radha Krishna Two-Tone Oval Silver Coin","Coin","DDA 5 Gram Radha Krishna Two-Tone Oval Silver Coin","DDA-COIN-20260822-067","99.80%","5 g","","false","false","2"
"https://www.ddasilver.com/products/raised-rim-fourteen-inch-silver-plate","200","https://www.ddasilver.com/products/raised-rim-fourteen-inch-silver-plate","Raised-Rim Fourteen-Inch Silver Plate in Agra | DDA Silver","false","false","Raised-Rim Fourteen-Inch Silver Plate at DDA Silver in Agra. Raised-Rim Fourteen-Inch Silver Plate in 99.80% pure silver, featuring the broadest plate in the…","Raised-Rim Fourteen-Inch Silver Plate","Utensils","Raised-Rim Fourteen-Inch Silver Plate","DDA-UT-PL-69","99.80%","600 g","Diameter: 14 in","false","false","1"
"https://www.ddasilver.com/products/raised-rim-nine-inch-silver-plate","200","https://www.ddasilver.com/products/raised-rim-nine-inch-silver-plate","Raised-Rim Nine-Inch Silver Plate in Agra | DDA Silver","false","false","Raised-Rim Nine-Inch Silver Plate at DDA Silver in Agra. Raised-Rim Nine-Inch Silver Plate in 99.80% pure silver, featuring a generous nine-inch serving…","Raised-Rim Nine-Inch Silver Plate","Utensils","Raised-Rim Nine-Inch Silver Plate","DDA-UT-PL-63","99.80%","200 g","Diameter: 9 in","false","false","1"
"https://www.ddasilver.com/products/raised-rim-seven-and-half-inch-silver-plate","200","https://www.ddasilver.com/products/raised-rim-seven-and-half-inch-silver-plate","Raised-Rim Seven-and-a-Half-Inch Silver Plate… | DDA Silver","false","true","Raised-Rim Seven-and-a-Half-Inch Silver Plate at DDA Silver in Agra. Raised-Rim Seven-and-a-Half-Inch Silver Plate in 99.80% pure silver, featuring a broad…","Raised-Rim Seven-and-a-Half-Inch Silver Plate","Utensils","Raised-Rim Seven-and-a-Half-Inch Silver Plate","DDA-UT-PL-62","99.80%","150 g","Diameter: 7.5 in","false","false","1"
"https://www.ddasilver.com/products/raised-rim-seven-inch-silver-plate","200","https://www.ddasilver.com/products/raised-rim-seven-inch-silver-plate","Raised-Rim Seven-Inch Silver Plate in Agra | DDA Silver","false","false","Raised-Rim Seven-Inch Silver Plate at DDA Silver in Agra. Raised-Rim Seven-Inch Silver Plate in 99.80% pure silver, featuring a balanced seven-inch surface…","Raised-Rim Seven-Inch Silver Plate","Utensils","Raised-Rim Seven-Inch Silver Plate","DDA-UT-PL-61","99.80%","125 g","Diameter: 7 in","false","false","1"
"https://www.ddasilver.com/products/raised-rim-six-and-half-inch-silver-plate","200","https://www.ddasilver.com/products/raised-rim-six-and-half-inch-silver-plate","Raised-Rim Six-and-a-Half-Inch Silver Plate in… | DDA Silver","false","true","Raised-Rim Six-and-a-Half-Inch Silver Plate at DDA Silver in Agra. Raised-Rim Six-and-a-Half-Inch Silver Plate in 99.80% pure silver, featuring a softly…","Raised-Rim Six-and-a-Half-Inch Silver Plate","Utensils","Raised-Rim Six-and-a-Half-Inch Silver Plate","DDA-UT-PL-60","99.80%","100 g","Diameter: 6.5 in","false","false","1"
"https://www.ddasilver.com/products/raised-rim-six-inch-silver-plate","200","https://www.ddasilver.com/products/raised-rim-six-inch-silver-plate","Raised-Rim Six-Inch Silver Plate in Agra | DDA Silver","false","false","Raised-Rim Six-Inch Silver Plate at DDA Silver in Agra. Raised-Rim Six-Inch Silver Plate in 99.80% pure silver, featuring a smooth centre and gently raised…","Raised-Rim Six-Inch Silver Plate","Utensils","Raised-Rim Six-Inch Silver Plate","DDA-UT-PL-59","99.80%","75 g","Diameter: 6 in","false","false","1"
"https://www.ddasilver.com/products/raised-rim-ten-inch-silver-plate","200","https://www.ddasilver.com/products/raised-rim-ten-inch-silver-plate","Raised-Rim Ten-Inch Silver Plate in Agra | DDA Silver","false","false","Raised-Rim Ten-Inch Silver Plate at DDA Silver in Agra. Raised-Rim Ten-Inch Silver Plate in 99.80% pure silver, featuring a wide polished centre with a clean…","Raised-Rim Ten-Inch Silver Plate","Utensils","Raised-Rim Ten-Inch Silver Plate","DDA-UT-PL-64","99.80%","250 g","Diameter: 10 in","false","false","1"
"https://www.ddasilver.com/products/raised-rim-thirteen-inch-silver-plate","200","https://www.ddasilver.com/products/raised-rim-thirteen-inch-silver-plate","Raised-Rim Thirteen-Inch Silver Plate in Agra | DDA Silver","false","false","Raised-Rim Thirteen-Inch Silver Plate at DDA Silver in Agra. Raised-Rim Thirteen-Inch Silver Plate in 99.80% pure silver, featuring a large shallow centre…","Raised-Rim Thirteen-Inch Silver Plate","Utensils","Raised-Rim Thirteen-Inch Silver Plate","DDA-UT-PL-68","99.80%","500 g","Diameter: 13 in","false","false","1"
"https://www.ddasilver.com/products/raised-rim-twelve-inch-silver-plate","200","https://www.ddasilver.com/products/raised-rim-twelve-inch-silver-plate","Raised-Rim Twelve-Inch Silver Plate in Agra | DDA Silver","false","false","Raised-Rim Twelve-Inch Silver Plate at DDA Silver in Agra. Raised-Rim Twelve-Inch Silver Plate in 99.80% pure silver, featuring a substantial twelve-inch…","Raised-Rim Twelve-Inch Silver Plate","Utensils","Raised-Rim Twelve-Inch Silver Plate","DDA-UT-PL-67","99.80%","400 g","Diameter: 12 in","false","false","1"
"https://www.ddasilver.com/products/ram-darbar-all-silver-oval-coin-25g","200","https://www.ddasilver.com/products/ram-darbar-all-silver-oval-coin-25g","DDA 25 Gram Ram Darbar Oval Silver Coin in Agra | DDA Silver","false","false","DDA 25 Gram Ram Darbar Oval Silver Coin at DDA Silver in Agra. A 25 gram silver piece featuring an all-silver Ram Darbar scene and ornamental reverse…","DDA 25 Gram Ram Darbar Oval Silver Coin","Coin","DDA 25 Gram Ram Darbar Oval Silver Coin","DDA-COIN-20260822-027","99.80%","25 g","","false","false","1"
"https://www.ddasilver.com/products/ram-darbar-ram-mandir-round-silver-coin-10g","200","https://www.ddasilver.com/products/ram-darbar-ram-mandir-round-silver-coin-10g","DDA 10 Gram Ram Darbar Ram Mandir Round Silver… | DDA Silver","false","true","DDA 10 Gram Ram Darbar Ram Mandir Round Silver Coin at DDA Silver in Agra. A 10 gram silver piece featuring Ram Darbar on one face and the Ayodhya Ram Mandir…","DDA 10 Gram Ram Darbar Ram Mandir Round Silver Coin","Coin","DDA 10 Gram Ram Darbar Ram Mandir Round Silver Coin","DDA-COIN-20260822-039","99.80%","10 g","","false","false","1"
"https://www.ddasilver.com/products/ram-darbar-silver-idol-set-golden-highlights","200","https://www.ddasilver.com/products/ram-darbar-silver-idol-set-golden-highlights","Ram Darbar Silver Idol Set with Golden… | DDA Silver","false","true","Ram Darbar Silver Idol Set with Golden Highlights at DDA Silver in Agra. A hollow 99.80% pure silver Ram Darbar set with Rama, Sita, Lakshmana, and Hanuman…","HM-RM-3 — Ram Darbar Silver Idol Set with Golden Highlights","Idols","Ram Darbar Silver Idol Set with Golden Highlights","HM-RM-3","99.80%","65 g","Height: 3.5 in","false","false","1"
"https://www.ddasilver.com/products/ram-darbar-silver-idol-set-rectangular-bases","200","https://www.ddasilver.com/products/ram-darbar-silver-idol-set-rectangular-bases","Ram Darbar Silver Idol Set with Rectangular… | DDA Silver","false","true","Ram Darbar Silver Idol Set with Rectangular Bases at DDA Silver in Agra. A hollow 99.80% pure silver Ram Darbar set with gold-toned highlights on individual…","HM-RM-9 — Ram Darbar Silver Idol Set with Rectangular Bases","Idols","Ram Darbar Silver Idol Set with Rectangular Bases","HM-RM-9","99.80%","200 g","Height: 6 in","false","false","1"
"https://www.ddasilver.com/products/ram-darbar-silver-idol-tableau","200","https://www.ddasilver.com/products/ram-darbar-silver-idol-tableau","Ram Darbar Silver Idol Tableau in Agra | DDA Silver","false","false","Ram Darbar Silver Idol Tableau at DDA Silver in Agra. A large Ram Darbar silver tableau with seated Rama and Sita, standing attendants and Hanuman. Weight…","Ram Darbar Silver Idol Tableau","Idols","Ram Darbar Silver Idol Tableau","SSM-RD-1","92.5%","3333 g","Height: 8 in","false","false","1"
"https://www.ddasilver.com/products/ram-darbar-two-tone-oval-coin-50g","200","https://www.ddasilver.com/products/ram-darbar-two-tone-oval-coin-50g","DDA 50 Gram Ram Darbar Two-Tone Oval Silver… | DDA Silver","false","true","DDA 50 Gram Ram Darbar Two-Tone Oval Silver Coin at DDA Silver in Agra. A 50 gram silver piece featuring a gold-tone Ram Darbar scene with an ornamental…","DDA 50 Gram Ram Darbar Two-Tone Oval Silver Coin","Coin","DDA 50 Gram Ram Darbar Two-Tone Oval Silver Coin","DDA-COIN-20260822-017","99.80%","50 g","","false","false","1"
"https://www.ddasilver.com/products/rama-silver-idol-ornate-arch","200","https://www.ddasilver.com/products/rama-silver-idol-ornate-arch","Rama Silver Idol Beneath Ornate Arch in Agra | DDA Silver","false","false","Rama Silver Idol Beneath Ornate Arch at DDA Silver in Agra. A hollow 99.80% pure silver standing Rama idol with a bow, quiver, painted facial details, and an…","HM-RM-11 — Rama Silver Idol Beneath Ornate Arch","Idols","Rama Silver Idol Beneath Ornate Arch","HM-RM-11","99.80%","25 g","Height: 3 in","false","false","1"
"https://www.ddasilver.com/products/rama-silver-idol-tall-arch","200","https://www.ddasilver.com/products/rama-silver-idol-tall-arch","Rama Silver Idol Beneath Tall Arch in Agra | DDA Silver","false","false","Rama Silver Idol Beneath Tall Arch at DDA Silver in Agra. A hollow 99.80% pure silver standing Rama idol with a bow and arrow beneath a tall carved arch in a…","HM-RM-17 — Rama Silver Idol Beneath Tall Arch","Idols","Rama Silver Idol Beneath Tall Arch","HM-RM-17","99.80%","80 g","Height: 6 in","false","false","1"
"https://www.ddasilver.com/products/reclining-vishnu-lakshmi-sheshnag-silver-idol","200","https://www.ddasilver.com/products/reclining-vishnu-lakshmi-sheshnag-silver-idol","Reclining Vishnu Lakshmi Sheshnag Silver Idol… | DDA Silver","false","true","Reclining Vishnu Lakshmi Sheshnag Silver Idol at DDA Silver in Agra. A semi-solid 92.5% silver reclining Vishnu with Lakshmi, Brahma above and Sheshnag…","Reclining Vishnu Lakshmi Sheshnag Silver Idol","Idols","Reclining Vishnu Lakshmi Sheshnag Silver Idol","SSM-LN-2","92.5%","450 g","Height: 3.3 in","false","false","1"
"https://www.ddasilver.com/products/rectangular-scroll-panel-silver-bottle","200","https://www.ddasilver.com/products/rectangular-scroll-panel-silver-bottle","Rectangular Scroll-Panel Silver Bottle in Agra | DDA Silver","false","false","Rectangular Scroll-Panel Silver Bottle at DDA Silver in Agra. A silver bottle weighing 485 g and standing 10 in high, with rectangular scrollwork panels…","Rectangular Scroll-Panel Silver Bottle","Utensils","Rectangular Scroll-Panel Silver Bottle","DDA-UT-BT-102","92.5%","485 g","Height: 10 in","false","false","1"
"https://www.ddasilver.com/products/red-enamel-floral-thali-set-12in-930g","200","https://www.ddasilver.com/products/red-enamel-floral-thali-set-12in-930g","DDA 12 Inch Red Enamel Floral Pooja Thali Set… | DDA Silver","false","true","DDA 12 Inch Red Enamel Floral Pooja Thali Set at DDA Silver in Agra. A 930 gram, 12-inch Pooja Thali Set in confirmed 92.5% silver with a red enamel floral…","DDA 12 Inch Red Enamel Floral Pooja Thali Set","Utensils","DDA 12 Inch Red Enamel Floral Pooja Thali Set","DDA-UT-PT-2202","92.5%","930 g","Diameter: 12 in","false","false","1"
"https://www.ddasilver.com/products/red-fabric-silver-potli-purse-298g","200","https://www.ddasilver.com/products/red-fabric-silver-potli-purse-298g","Red Fabric and Silver Potli Purse in Agra | DDA Silver","false","false","Red Fabric and Silver Potli Purse at DDA Silver in Agra. A festive red brocade potli combining embroidered fabric, gold drawstrings, circular tassel…","PR-5 — Red Fabric and Silver Potli Purse","Purse","Red Fabric and Silver Potli Purse","PR-5","92.5%","298 g","","false","false","1"
"https://www.ddasilver.com/products/red-lotus-enamel-puja-thali-set","200","https://www.ddasilver.com/products/red-lotus-enamel-puja-thali-set","Red Lotus Enamel Puja Thali Set in Agra | DDA Silver","false","false","Red Lotus Enamel Puja Thali Set at DDA Silver in Agra. A silver puja thali with red enamel lotus panels, leaf panels, box, bowl and kalash. Weight: 830 g…","Red Lotus Enamel Puja Thali Set","Utensils","Red Lotus Enamel Puja Thali Set","DDA-UT-PT-9","92.5%","830 g","Diameter: 10 in","false","false","1"
"https://www.ddasilver.com/products/ringed-five-inch-silver-plate","200","https://www.ddasilver.com/products/ringed-five-inch-silver-plate","Ringed Five-Inch Silver Plate in Agra | DDA Silver","false","false","Ringed Five-Inch Silver Plate at DDA Silver in Agra. Ringed Five-Inch Silver Plate in 99.80% pure silver, featuring a shallow five-inch form with an orderly…","Ringed Five-Inch Silver Plate","Utensils","Ringed Five-Inch Silver Plate","DDA-UT-PL-58","99.80%","50 g","Diameter: 5 in","false","false","1"
"https://www.ddasilver.com/products/ringed-four-inch-silver-plate","200","https://www.ddasilver.com/products/ringed-four-inch-silver-plate","Ringed Four-Inch Silver Plate in Agra | DDA Silver","false","false","Ringed Four-Inch Silver Plate at DDA Silver in Agra. Ringed Four-Inch Silver Plate in 99.80% pure silver, featuring a compact round profile with clean…","Ringed Four-Inch Silver Plate","Utensils","Ringed Four-Inch Silver Plate","DDA-UT-PL-57","99.80%","40 g","Diameter: 4 in","false","false","1"
"https://www.ddasilver.com/products/round-base-lakshmi-ganesha-semi-solid-silver-idols","200","https://www.ddasilver.com/products/round-base-lakshmi-ganesha-semi-solid-silver-idols","Round Base Lakshmi Ganesha Semi-solid Silver… | DDA Silver","false","true","Round Base Lakshmi Ganesha Semi-solid Silver Idols at DDA Silver in Agra. A semi-solid 92.5% silver Lakshmi Ganesha pair on separate round engraved bases…","Round Base Lakshmi Ganesha Semi-solid Silver Idols","Idols","Round Base Lakshmi Ganesha Semi-solid Silver Idols","SSM-LG-3","92.5%","600 g","Height: 3.5 in","false","false","1"
"https://www.ddasilver.com/products/round-footed-silver-keepsake-box","200","https://www.ddasilver.com/products/round-footed-silver-keepsake-box","Round Footed Silver Keepsake Box in Agra | DDA Silver","false","false","Round Footed Silver Keepsake Box at DDA Silver in Agra. A large round footed silver keepsake box with ornate relief decoration. Weight: 875 g. Outer diameter…","Round Footed Silver Keepsake Box","Gifts","Round Footed Silver Keepsake Box","DDA-GF-PICS-58","92.5%","875 g","Diameter: 7.5 in","false","false","1"
"https://www.ddasilver.com/products/ruby-stone-stacked-pot-silver-sindoor-dani","200","https://www.ddasilver.com/products/ruby-stone-stacked-pot-silver-sindoor-dani","Ruby Stone Stacked Pot Silver Sindoor Dani in… | DDA Silver","false","true","Ruby Stone Stacked Pot Silver Sindoor Dani at DDA Silver in Agra. A double-gourd 92.5% silver Sindoor Dani covered with ruby-colored stones and engraved…","Ruby Stone Stacked Pot Silver Sindoor Dani","Gifts","Ruby Stone Stacked Pot Silver Sindoor Dani","SD-04","92.5%","105 g","Height: 3 in","false","false","1"
"https://www.ddasilver.com/products/sai-baba-silver-idol","200","https://www.ddasilver.com/products/sai-baba-silver-idol","Sai Baba Silver Idol in Agra | DDA Silver","false","false","Sai Baba Silver Idol at DDA Silver in Agra. A hollow 99.80% pure silver Sai Baba idol in a seated blessing pose. Weight: 15 g. Height: 2.5 in.","HM-SB-1 — Sai Baba Silver Idol","Idols","Sai Baba Silver Idol","HM-SB-1","99.80%","15 g","Height: 2.5 in","false","false","1"
"https://www.ddasilver.com/products/saraswati-silver-idol-on-lotus-with-veena","200","https://www.ddasilver.com/products/saraswati-silver-idol-on-lotus-with-veena","Saraswati Silver Idol on Lotus with Veena in… | DDA Silver","false","true","Saraswati Silver Idol on Lotus with Veena at DDA Silver in Agra. A hollow 99.80% pure silver Saraswati idol seated on a lotus with a veena. Weight: 55 g…","HM-SR-2 — Saraswati Silver Idol on Lotus with Veena","Idols","Saraswati Silver Idol on Lotus with Veena","HM-SR-2","99.80%","55 g","Height: 3.5 in","false","false","1"
"https://www.ddasilver.com/products/saraswati-silver-idol-on-swan-with-veena","200","https://www.ddasilver.com/products/saraswati-silver-idol-on-swan-with-veena","Saraswati Silver Idol on Swan with Veena in Agra | DDA Silver","false","false","Saraswati Silver Idol on Swan with Veena at DDA Silver in Agra. A hollow 99.80% pure silver Saraswati idol seated on a swan and lotus while playing the veena…","HM-SR-3 — Saraswati Silver Idol on Swan with Veena","Idols","Saraswati Silver Idol on Swan with Veena","HM-SR-3","99.80%","100 g","Height: 6 in","false","false","1"
"https://www.ddasilver.com/products/saraswati-silver-idol-veena-round-base","200","https://www.ddasilver.com/products/saraswati-silver-idol-veena-round-base","Saraswati Silver Idol with Veena on Round Base… | DDA Silver","false","true","Saraswati Silver Idol with Veena on Round Base at DDA Silver in Agra. A hollow 99.80% pure silver Saraswati idol seated with a veena on a detailed round…","HM-SR-4 — Saraswati Silver Idol with Veena on Round Base","Idols","Saraswati Silver Idol with Veena on Round Base","HM-SR-4","99.80%","30 g","Height: 3 in","false","false","1"
"https://www.ddasilver.com/products/saraswati-silver-idol-with-veena","200","https://www.ddasilver.com/products/saraswati-silver-idol-with-veena","Saraswati Silver Idol with Veena in Agra | DDA Silver","false","false","Saraswati Silver Idol with Veena at DDA Silver in Agra. A hollow 99.80% pure silver Saraswati idol seated with a veena. Weight: 6 g. Height: 1.5 in.","HM-SR-1 — Saraswati Silver Idol with Veena","Idols","Saraswati Silver Idol with Veena","HM-SR-1","99.80%","6 g","Height: 1.5 in","false","false","1"
"https://www.ddasilver.com/products/saraswati-veena-semi-solid-silver-idol","200","https://www.ddasilver.com/products/saraswati-veena-semi-solid-silver-idol","Saraswati Veena Semi-solid Silver Idol in Agra | DDA Silver","false","false","Saraswati Veena Semi-solid Silver Idol at DDA Silver in Agra. A semi-solid 92.5% silver Saraswati idol seated with a finely detailed veena and decorated base…","Saraswati Veena Semi-solid Silver Idol","Idols","Saraswati Veena Semi-solid Silver Idol","SSM-SR-1","92.5%","1000 g","Height: 6 in","false","false","1"
"https://www.ddasilver.com/products/satin-crawling-bal-krishna-laddoo-large","200","https://www.ddasilver.com/products/satin-crawling-bal-krishna-laddoo-large","Satin Crawling Bal Krishna Silver Idol with… | DDA Silver","false","true","Satin Crawling Bal Krishna Silver Idol with Laddoo at DDA Silver in Agra. A hollow 99.80% pure silver crawling Bal Krishna idol holding a laddoo, with a…","HM-BK-17 — Satin Crawling Bal Krishna Silver Idol with Laddoo","Idols","Satin Crawling Bal Krishna Silver Idol with Laddoo","HM-BK-17","99.80%","40 g","Height: 4 in","false","false","1"
"https://www.ddasilver.com/products/satin-silver-tumbler","200","https://www.ddasilver.com/products/satin-silver-tumbler","Satin Silver Glass in Agra | DDA Silver","false","false","Satin Silver Glass at DDA Silver in Agra. A satin-finish glass in confirmed 99.80% pure silver, with a supplied weight of 125 g and height of 4 in.","Satin Silver Glass","Utensils","Satin Silver Glass","","99.80%","125 g","Height: 4 in","false","true","1"
"https://www.ddasilver.com/products/scallop-pattern-silver-clutch-purse","200","https://www.ddasilver.com/products/scallop-pattern-silver-clutch-purse","Scallop-Pattern Silver Clutch Purse in Agra | DDA Silver","false","false","Scallop-Pattern Silver Clutch Purse at DDA Silver in Agra. A compact silver clutch weighing 300 g, with repeated scallop relief, layered chevron flap borders…","Scallop-Pattern Silver Clutch Purse","Purse","Scallop-Pattern Silver Clutch Purse","PR-29","92.5%","300 g","","false","false","1"
"https://www.ddasilver.com/products/scalloped-floral-round-silver-singhasan","200","https://www.ddasilver.com/products/scalloped-floral-round-silver-singhasan","Scalloped Floral Round Silver Singhasan in Agra | DDA Silver","false","false","Scalloped Floral Round Silver Singhasan at DDA Silver in Agra. An ornate silver singhasan weighing 270 g, with a round raised base, pierced guard rail…","Scalloped Floral Round Silver Singhasan","Gifts","Scalloped Floral Round Silver Singhasan","SG-12","92.5%","270 g","Width: 6 in | Depth: 4 in","false","false","1"
"https://www.ddasilver.com/products/scroll-vine-round-handle-silver-clutch-purse","200","https://www.ddasilver.com/products/scroll-vine-round-handle-silver-clutch-purse","Scroll-Vine Round-Handle Silver Clutch Purse… | DDA Silver","false","true","Scroll-Vine Round-Handle Silver Clutch Purse at DDA Silver in Agra. A silver clutch purse weighing 425 g, with a full round handle, scrolling vine-and-flower…","Scroll-Vine Round-Handle Silver Clutch Purse","Purse","Scroll-Vine Round-Handle Silver Clutch Purse","PR-26","92.5%","425 g","","false","false","1"
"https://www.ddasilver.com/products/scrollwork-glass-lid-silver-sindoor-dani","200","https://www.ddasilver.com/products/scrollwork-glass-lid-silver-sindoor-dani","Scrollwork Glass-Lid Silver Sindoor Dani in Agra | DDA Silver","false","false","Scrollwork Glass-Lid Silver Sindoor Dani at DDA Silver in Agra. A silver Sindoor Dani weighing 30 g, with engraved scrollwork, transparent glass lid and…","Scrollwork Glass-Lid Silver Sindoor Dani","Gifts","Scrollwork Glass-Lid Silver Sindoor Dani","SD-11","92.5%","30 g","Height: 3 in | Diameter: 2.5 in","false","false","1"
"https://www.ddasilver.com/products/scrollwork-two-glass-silver-lemon-set","200","https://www.ddasilver.com/products/scrollwork-two-glass-silver-lemon-set","Scrollwork Two-Glass Silver Lemon Set in Agra | DDA Silver","false","false","Scrollwork Two-Glass Silver Lemon Set at DDA Silver in Agra. A three-piece 92.5% silver lemon set with a polished lidded jug and two matching glasses…","Scrollwork Two-Glass Silver Lemon Set","Utensils","Scrollwork Two-Glass Silver Lemon Set","DDA-UT-JG-92","92.5%","550 g","","false","false","1"
"https://www.ddasilver.com/products/seated-bal-krishna-butter-pot","200","https://www.ddasilver.com/products/seated-bal-krishna-butter-pot","Seated Bal Krishna Silver Idol with Butter Pot… | DDA Silver","false","true","Seated Bal Krishna Silver Idol with Butter Pot at DDA Silver in Agra. A hollow 99.80% pure silver seated Bal Krishna idol with a butter pot, peacock feather…","HM-BK-15 — Seated Bal Krishna Silver Idol with Butter Pot","Idols","Seated Bal Krishna Silver Idol with Butter Pot","HM-BK-15","99.80%","20 g","Height: 3 in","false","false","1"
"https://www.ddasilver.com/products/seated-buddha-silver-idol-lotus-pedestal","200","https://www.ddasilver.com/products/seated-buddha-silver-idol-lotus-pedestal","Seated Buddha Silver Idol on Lotus Pedestal in… | DDA Silver","false","true","Seated Buddha Silver Idol on Lotus Pedestal at DDA Silver in Agra. A hollow 99.80% pure silver seated Buddha idol in a bhumisparsha pose on a layered…","HM-BD-1 — Seated Buddha Silver Idol on Lotus Pedestal","Idols","Seated Buddha Silver Idol on Lotus Pedestal","HM-BD-1","99.80%","60 g","Height: 3.5 in","false","false","1"
"https://www.ddasilver.com/products/seated-guru-nanak-silver-idol","200","https://www.ddasilver.com/products/seated-guru-nanak-silver-idol","Seated Guru Nanak Silver Idol in Agra | DDA Silver","false","false","Seated Guru Nanak Silver Idol at DDA Silver in Agra. A hollow 99.80% pure silver Guru Nanak idol in a seated blessing pose. Weight: 14 g. Height: 3 in.","HM-NK-1 — Seated Guru Nanak Silver Idol","Idols","Seated Guru Nanak Silver Idol","HM-NK-1","99.80%","14 g","Height: 3 in","false","false","1"
"https://www.ddasilver.com/products/seated-hanuman-silver-idol-mace-compact","200","https://www.ddasilver.com/products/seated-hanuman-silver-idol-mace-compact","Seated Hanuman Silver Idol with Mace in Agra | DDA Silver","false","false","Seated Hanuman Silver Idol with Mace at DDA Silver in Agra. A compact hollow 99.80% pure silver seated Hanuman idol holding a mace with a raised blessing…","HM-HN-5 — Seated Hanuman Silver Idol with Mace","Idols","Seated Hanuman Silver Idol with Mace","HM-HN-5","99.80%","20 g","Height: 2 in","false","false","1"
"https://www.ddasilver.com/products/seated-kuber-semi-solid-silver-idol","200","https://www.ddasilver.com/products/seated-kuber-semi-solid-silver-idol","Seated Kuber Semi-solid Silver Idol in Agra | DDA Silver","false","false","Seated Kuber Semi-solid Silver Idol at DDA Silver in Agra. A semi-solid 92.5% silver seated Kuber with wealth pot and ornate square pedestal. Confirmed…","Seated Kuber Semi-solid Silver Idol","Idols","Seated Kuber Semi-solid Silver Idol","SSM-KB-1","92.5%","200 g","Height: 3 in","false","false","1"
"https://www.ddasilver.com/products/seated-kuber-silver-idol","200","https://www.ddasilver.com/products/seated-kuber-silver-idol","Seated Kuber Silver Idol in Agra | DDA Silver","false","false","Seated Kuber Silver Idol at DDA Silver in Agra. A hollow 99.80% pure silver Kuber idol in a seated blessing pose. Weight: 15 g. Height: 2 in.","HM-KB-1 — Seated Kuber Silver Idol","Idols","Seated Kuber Silver Idol","HM-KB-1","99.80%","15 g","Height: 2 in","false","false","1"
"https://www.ddasilver.com/products/seated-radha-krishna-silver-idol-20g","200","https://www.ddasilver.com/products/seated-radha-krishna-silver-idol-20g","Seated Radha Krishna Silver Idol in Agra | DDA Silver","false","false","Seated Radha Krishna Silver Idol at DDA Silver in Agra. A hollow 99.80% pure silver seated Radha Krishna idol group with engraved devotional details. Weight…","HM-RK-13 — Seated Radha Krishna Silver Idol","Idols","Seated Radha Krishna Silver Idol","HM-RK-13","99.80%","20 g","Height: 2.5 in","false","false","1"
"https://www.ddasilver.com/products/seated-rama-sita-silver-idol-pair","200","https://www.ddasilver.com/products/seated-rama-sita-silver-idol-pair","Seated Rama and Sita Silver Idol Pair in Agra | DDA Silver","false","false","Seated Rama and Sita Silver Idol Pair at DDA Silver in Agra. A hollow 99.80% pure silver Rama and Sita idol pair with painted garlands and Rama holding a bow…","HM-RM-8 — Seated Rama and Sita Silver Idol Pair","Idols","Seated Rama and Sita Silver Idol Pair","HM-RM-8","99.80%","70 g","Height: 4 in","false","false","1"
"https://www.ddasilver.com/products/seated-shiva-semi-solid-silver-idol","200","https://www.ddasilver.com/products/seated-shiva-semi-solid-silver-idol","Seated Shiva Semi-solid Silver Idol in Agra | DDA Silver","false","false","Seated Shiva Semi-solid Silver Idol at DDA Silver in Agra. A semi-solid 92.5% silver Shiva idol seated with trident, damaru and cobra details. Confirmed…","Seated Shiva Semi-solid Silver Idol","Idols","Seated Shiva Semi-solid Silver Idol","SSM-SH-1","92.5%","350 g","Height: 4.5 in","false","false","1"
"https://www.ddasilver.com/products/shiv-parivar-round-silver-coin-10g","200","https://www.ddasilver.com/products/shiv-parivar-round-silver-coin-10g","DDA 10 Gram Shiv Parivar Round Silver Coin in… | DDA Silver","false","true","DDA 10 Gram Shiv Parivar Round Silver Coin at DDA Silver in Agra. A 10 gram silver piece featuring the Shiv Parivar family scene in raised relief…","DDA 10 Gram Shiv Parivar Round Silver Coin","Coin","DDA 10 Gram Shiv Parivar Round Silver Coin","DDA-COIN-20260822-045","99.80%","10 g","","false","false","1"
"https://www.ddasilver.com/products/shiva-family-purple-stone-oval-silver-sindoor-dani","200","https://www.ddasilver.com/products/shiva-family-purple-stone-oval-silver-sindoor-dani","Shiva Family Purple Stone Oval Silver Sindoor… | DDA Silver","false","true","Shiva Family Purple Stone Oval Silver Sindoor Dani at DDA Silver in Agra. An oval 92.5% silver Sindoor Dani with Shiva family relief, floral scrollwork…","Shiva Family Purple Stone Oval Silver Sindoor Dani","Gifts","Shiva Family Purple Stone Oval Silver Sindoor Dani","SD-10","92.5%","","","true","false","1"
"https://www.ddasilver.com/products/shiva-family-silver-idol","200","https://www.ddasilver.com/products/shiva-family-silver-idol","Shiva Family Silver Idol in Agra | DDA Silver","false","false","Shiva Family Silver Idol at DDA Silver in Agra. A hollow 99.80% pure silver Shiva family idol with multiple devotional figures. Weight: 20 g. Height: 2.5 in.","HM-SH-3 — Shiva Family Silver Idol","Idols","Shiva Family Silver Idol","HM-SH-3","99.80%","20 g","Height: 2.5 in","false","false","1"
"https://www.ddasilver.com/products/shiva-family-silver-idol-arch-shivling","200","https://www.ddasilver.com/products/shiva-family-silver-idol-arch-shivling","Shiva Family Silver Idol with Arch and… | DDA Silver","false","true","Shiva Family Silver Idol with Arch and Shivling at DDA Silver in Agra. A hollow 99.80% pure silver Shiva Family idol group beneath an ornate arch with…","HM-SH-6 — Shiva Family Silver Idol with Arch and Shivling","Idols","Shiva Family Silver Idol with Arch and Shivling","HM-SH-6","99.80%","400 g","Height: 8.5 in","false","false","1"
"https://www.ddasilver.com/products/shiva-family-silver-idol-nandi-shivling","200","https://www.ddasilver.com/products/shiva-family-silver-idol-nandi-shivling","Shiva Family Silver Idol with Nandi and… | DDA Silver","false","true","Shiva Family Silver Idol with Nandi and Shivling at DDA Silver in Agra. A hollow 99.80% pure silver Shiva family idol with Parvati, Ganesha, Kartikeya, Nandi…","HM-SH-7 — Shiva Family Silver Idol with Nandi and Shivling","Idols","Shiva Family Silver Idol with Nandi and Shivling","HM-SH-7","99.80%","150 g","Height: 5.5 in","false","false","1"
"https://www.ddasilver.com/products/shiva-family-silver-idol-tableau","200","https://www.ddasilver.com/products/shiva-family-silver-idol-tableau","Shiva Family Silver Idol Tableau in Agra | DDA Silver","false","false","Shiva Family Silver Idol Tableau at DDA Silver in Agra. A Shiva family silver tableau with Shiva, Parvati, Ganesha and Kartikeya. Weight: 675 g. Height: 5 in…","Shiva Family Silver Idol Tableau","Idols","Shiva Family Silver Idol Tableau","SSM-SF-1","92.5%","675 g","Height: 5 in","false","false","1"
"https://www.ddasilver.com/products/shiva-seated-round-silver-coin-10g","200","https://www.ddasilver.com/products/shiva-seated-round-silver-coin-10g","DDA 10 Gram Seated Shiva Round Silver Coin in… | DDA Silver","false","true","DDA 10 Gram Seated Shiva Round Silver Coin at DDA Silver in Agra. A 10 gram silver piece featuring Shiva seated in meditation with a decorative reverse…","DDA 10 Gram Seated Shiva Round Silver Coin","Coin","DDA 10 Gram Seated Shiva Round Silver Coin","DDA-COIN-20260822-043","99.80%","10 g","","false","false","1"
"https://www.ddasilver.com/products/shivling-silver-idol-with-cobra","200","https://www.ddasilver.com/products/shivling-silver-idol-with-cobra","Shivling Silver Idol with Cobra in Agra | DDA Silver","false","false","Shivling Silver Idol with Cobra at DDA Silver in Agra. A hollow 99.80% pure silver Shivling idol with a cobra rising behind the lingam. Weight: 15 g. Height…","HM-SH-4 — Shivling Silver Idol with Cobra","Idols","Shivling Silver Idol with Cobra","HM-SH-4","99.80%","15 g","Height: 2.5 in","false","false","1"
"https://www.ddasilver.com/products/shubh-om-fine-line-silver-nariyal","200","https://www.ddasilver.com/products/shubh-om-fine-line-silver-nariyal","Shubh Om Fine-Line Silver Nariyal in Agra | DDA Silver","false","false","Shubh Om Fine-Line Silver Nariyal at DDA Silver in Agra. A ceremonial silver nariyal with fine-line Shubh and Om motifs, a gold-toned neck and polished centre…","Shubh Om Fine-Line Silver Nariyal","Gifts","Shubh Om Fine-Line Silver Nariyal","NY-04","92.5%","45 g","Height: 4 in","false","false","1"
"https://www.ddasilver.com/products/shubh-om-gold-panel-silver-nariyal","200","https://www.ddasilver.com/products/shubh-om-gold-panel-silver-nariyal","Shubh Om Gold-Panel Silver Nariyal in Agra | DDA Silver","false","false","Shubh Om Gold-Panel Silver Nariyal at DDA Silver in Agra. A compact ceremonial silver nariyal with a gold-toned upper panel, engraved Shubh and Om motifs and…","Shubh Om Gold-Panel Silver Nariyal","Gifts","Shubh Om Gold-Panel Silver Nariyal","NY-02","92.5%","25 g","Height: 3 in","false","false","1"
"https://www.ddasilver.com/products/silver-jain-temple-miniature-red-flag","200","https://www.ddasilver.com/products/silver-jain-temple-miniature-red-flag","Silver Ram Mandir Miniature with Red Flag in… | DDA Silver","false","true","Silver Ram Mandir Miniature with Red Flag at DDA Silver in Agra. A 99.80% pure silver Ram Mandir miniature with a stepped approach, clustered temple…","Silver Ram Mandir Miniature with Red Flag","Idols","Silver Ram Mandir Miniature with Red Flag","DDA-GF-RM-03","99.80%","100 g","Height: 4.5 in","false","false","1"
"https://www.ddasilver.com/products/six-bowl-flared-silver-serving-set","200","https://www.ddasilver.com/products/six-bowl-flared-silver-serving-set","Six-Bowl Flared Silver Serving Set in Agra | DDA Silver","false","false","Six-Bowl Flared Silver Serving Set at DDA Silver in Agra. A rounded rectangular silver serving tray with six flared bowls. Weight: 1,212 g. Supplied size: 12…","Six-Bowl Flared Silver Serving Set","Utensils","Six-Bowl Flared Silver Serving Set","DDA-UT-BW-105","92.5%","1212 g","Width: 12 in | Depth: 9 in","false","false","1"
"https://www.ddasilver.com/products/six-bowl-rectangular-silver-serving-set","200","https://www.ddasilver.com/products/six-bowl-rectangular-silver-serving-set","Six-Bowl Rectangular Silver Serving Set in Agra | DDA Silver","false","false","Six-Bowl Rectangular Silver Serving Set at DDA Silver in Agra. A rectangular silver serving tray with six faceted bowls. Weight: 970 g. Supplied size: 11 × 8…","Six-Bowl Rectangular Silver Serving Set","Utensils","Six-Bowl Rectangular Silver Serving Set","DDA-UT-BW-104","92.5%","970 g","Width: 11 in | Depth: 8 in","false","false","1"
"https://www.ddasilver.com/products/smooth-rounded-handle-silver-spoon","200","https://www.ddasilver.com/products/smooth-rounded-handle-silver-spoon","Smooth Rounded-Handle Silver Spoon in Agra | DDA Silver","false","false","Smooth Rounded-Handle Silver Spoon at DDA Silver in Agra. A polished spoon with a smooth rounded handle in 92.5% pure silver, supplied at 30 g and 5.5 in…","Smooth Rounded-Handle Silver Spoon","Utensils","Smooth Rounded-Handle Silver Spoon","DDA-UT-SP-38","92.5%","30 g","Height: 5.5 in","false","false","1"
"https://www.ddasilver.com/products/square-medallion-octagonal-silver-box","200","https://www.ddasilver.com/products/square-medallion-octagonal-silver-box","Square-Medallion Octagonal Silver Box in Agra | DDA Silver","false","false","Square-Medallion Octagonal Silver Box at DDA Silver in Agra. An octagonal silver box with dense embossing and square floral medallion. Weight: 240 g. Supplied…","Square-Medallion Octagonal Silver Box","Gifts","Square-Medallion Octagonal Silver Box","DDA-GF-PICS-45","92.5%","240 g","Width: 3.5 in | Depth: 3.5 in","false","false","1"
"https://www.ddasilver.com/products/srinathji-oval-silver-coin-10g","200","https://www.ddasilver.com/products/srinathji-oval-silver-coin-10g","DDA 10 Gram Srinathji Oval Silver Coin in Agra | DDA Silver","false","false","DDA 10 Gram Srinathji Oval Silver Coin at DDA Silver in Agra. A 10 gram silver piece featuring Srinathji in an oval devotional composition. Owner-confirmed…","DDA 10 Gram Srinathji Oval Silver Coin","Coin","DDA 10 Gram Srinathji Oval Silver Coin","DDA-COIN-20260822-049","99.80%","10 g","","false","false","1"
"https://www.ddasilver.com/products/srinathji-round-silver-coin-10g","200","https://www.ddasilver.com/products/srinathji-round-silver-coin-10g","DDA 10 Gram Srinathji Round Silver Coin in Agra | DDA Silver","false","false","DDA 10 Gram Srinathji Round Silver Coin at DDA Silver in Agra. A 10 gram silver piece featuring Srinathji in raised relief with an ornamental border…","DDA 10 Gram Srinathji Round Silver Coin","Coin","DDA 10 Gram Srinathji Round Silver Coin","DDA-COIN-20260822-044","99.80%","10 g","","false","false","1"
"https://www.ddasilver.com/products/standing-hanuman-silver-idol-mace","200","https://www.ddasilver.com/products/standing-hanuman-silver-idol-mace","Standing Hanuman Silver Idol with Mace in Agra | DDA Silver","false","false","Standing Hanuman Silver Idol with Mace at DDA Silver in Agra. A hollow 99.80% pure silver standing Hanuman idol holding a mace with restrained gold-toned…","HM-HN-3 — Standing Hanuman Silver Idol with Mace","Idols","Standing Hanuman Silver Idol with Mace","HM-HN-3","99.80%","25 g","Height: 3 in","false","false","1"
"https://www.ddasilver.com/products/standing-lakshmi-narayan-semi-solid-silver-idols","200","https://www.ddasilver.com/products/standing-lakshmi-narayan-semi-solid-silver-idols","Standing Lakshmi Narayan Semi-solid Silver… | DDA Silver","false","true","Standing Lakshmi Narayan Semi-solid Silver Idols at DDA Silver in Agra. A semi-solid 92.5% silver Lakshmi Narayan standing pair on individual lotus bases…","Standing Lakshmi Narayan Semi-solid Silver Idols","Idols","Standing Lakshmi Narayan Semi-solid Silver Idols","SSM-LN-1","92.5%","400 g","Height: 5 in","false","false","1"
"https://www.ddasilver.com/products/stepped-rim-three-and-half-inch-silver-plate","200","https://www.ddasilver.com/products/stepped-rim-three-and-half-inch-silver-plate","Stepped-Rim Three-and-a-Half-Inch Silver Plate… | DDA Silver","false","true","Stepped-Rim Three-and-a-Half-Inch Silver Plate at DDA Silver in Agra. Stepped-Rim Three-and-a-Half-Inch Silver Plate in 99.80% pure silver, featuring a…","Stepped-Rim Three-and-a-Half-Inch Silver Plate","Utensils","Stepped-Rim Three-and-a-Half-Inch Silver Plate","DDA-UT-PL-56","99.80%","30 g","Diameter: 3.5 in","false","false","1"
"https://www.ddasilver.com/products/straight-rim-silver-tumbler","200","https://www.ddasilver.com/products/straight-rim-silver-tumbler","Straight-Rim Silver Glass in Agra | DDA Silver","false","false","Straight-Rim Silver Glass at DDA Silver in Agra. A straight-rim glass in confirmed 99.80% pure silver, with a supplied weight of 100 g and height of 4.3 in.","Straight-Rim Silver Glass","Utensils","Straight-Rim Silver Glass","","99.80%","100 g","Height: 4.3 in","false","true","1"
"https://www.ddasilver.com/products/straight-sided-mini-silver-bowl","200","https://www.ddasilver.com/products/straight-sided-mini-silver-bowl","Straight-Sided Mini Silver Bowl in Agra | DDA Silver","false","false","Straight-Sided Mini Silver Bowl at DDA Silver in Agra. A straight-sided mini bowl in confirmed 99.80% pure silver, with a supplied weight of 30 g and diameter…","Straight-Sided Mini Silver Bowl","Utensils","Straight-Sided Mini Silver Bowl","","99.80%","30 g","Diameter: 3 in","false","true","1"
"https://www.ddasilver.com/products/straight-sided-silver-bowl","200","https://www.ddasilver.com/products/straight-sided-silver-bowl","Straight-Sided Silver Bowl in Agra | DDA Silver","false","false","Straight-Sided Silver Bowl at DDA Silver in Agra. A straight-sided bowl in confirmed 99.80% pure silver, with a supplied weight of 50 g and diameter of 3.3 in.","Straight-Sided Silver Bowl","Utensils","Straight-Sided Silver Bowl","","99.80%","50 g","Diameter: 3.3 in","false","true","1"
"https://www.ddasilver.com/products/swastik-om-gold-accent-silver-nariyal","200","https://www.ddasilver.com/products/swastik-om-gold-accent-silver-nariyal","Swastik Om Gold-Accent Silver Nariyal in Agra | DDA Silver","false","false","Swastik Om Gold-Accent Silver Nariyal at DDA Silver in Agra. A ceremonial silver nariyal with a gold-toned neck, Swastik upper panel and Om lower panel…","Swastik Om Gold-Accent Silver Nariyal","Gifts","Swastik Om Gold-Accent Silver Nariyal","NY-03","92.5%","45 g","Height: 4 in","false","false","1"
"https://www.ddasilver.com/products/swastika-floral-puja-thali-set","200","https://www.ddasilver.com/products/swastika-floral-puja-thali-set","Swastika Floral Puja Thali Set in Agra | DDA Silver","false","false","Swastika Floral Puja Thali Set at DDA Silver in Agra. A silver puja thali with floral fringe, auspicious swastika relief, diya, kalash and two bowls. Weight…","Swastika Floral Puja Thali Set","Utensils","Swastika Floral Puja Thali Set","DDA-UT-PT-5","92.5%","520 g","Diameter: 9 in","false","false","1"
"https://www.ddasilver.com/products/tall-brushed-silver-tumbler","200","https://www.ddasilver.com/products/tall-brushed-silver-tumbler","Tall Brushed Silver Glass in Agra | DDA Silver","false","false","Tall Brushed Silver Glass at DDA Silver in Agra. A tall brushed glass in confirmed 99.80% pure silver, with a supplied weight of 150 g and height of 5 in.","Tall Brushed Silver Glass","Utensils","Tall Brushed Silver Glass","","99.80%","150 g","Height: 5 in","false","true","1"
"https://www.ddasilver.com/products/tall-classic-silver-tumbler","200","https://www.ddasilver.com/products/tall-classic-silver-tumbler","Tall Classic Silver Glass in Agra | DDA Silver","false","false","Tall Classic Silver Glass at DDA Silver in Agra. A tall classic glass in confirmed 99.80% pure silver, with a supplied weight of 200 g and height of 5.5 in.","Tall Classic Silver Glass","Utensils","Tall Classic Silver Glass","","99.80%","200 g","Height: 5.5 in","false","true","1"
"https://www.ddasilver.com/products/tall-double-band-silver-jug","200","https://www.ddasilver.com/products/tall-double-band-silver-jug","Tall Double-Band Silver Jug in Agra | DDA Silver","false","false","Tall Double-Band Silver Jug at DDA Silver in Agra. Tall Double-Band Silver Jug in 99.80% pure silver, featuring a taller handled profile with paired…","Tall Double-Band Silver Jug","Utensils","Tall Double-Band Silver Jug","DDA-UT-JG-73","99.80%","300 g","Height: 6 in","false","false","1"
"https://www.ddasilver.com/products/tall-linear-band-silver-jug","200","https://www.ddasilver.com/products/tall-linear-band-silver-jug","Tall Linear-Band Silver Jug in Agra | DDA Silver","false","false","Tall Linear-Band Silver Jug at DDA Silver in Agra. Tall Linear-Band Silver Jug in 99.80% pure silver, featuring a tall cylindrical body, horizontal line…","Tall Linear-Band Silver Jug","Utensils","Tall Linear-Band Silver Jug","DDA-UT-JG-70","99.80%","150 g","Height: 5 in","false","false","1"
"https://www.ddasilver.com/products/tall-radha-krishna-silver-idol-flute-lotus","200","https://www.ddasilver.com/products/tall-radha-krishna-silver-idol-flute-lotus","Tall Radha Krishna Silver Idol with Flute on… | DDA Silver","false","true","Tall Radha Krishna Silver Idol with Flute on Lotus at DDA Silver in Agra. A tall hollow 99.80% pure silver Radha Krishna idol with Krishna playing the flute…","HM-RK-18 — Tall Radha Krishna Silver Idol with Flute on Lotus","Idols","Tall Radha Krishna Silver Idol with Flute on Lotus","HM-RK-18","99.80%","400 g","Height: 10 in","false","false","1"
"https://www.ddasilver.com/products/tall-radha-krishna-silver-idol-pair-peacock","200","https://www.ddasilver.com/products/tall-radha-krishna-silver-idol-pair-peacock","Tall Radha Krishna Silver Idol Pair with… | DDA Silver","false","true","Tall Radha Krishna Silver Idol Pair with Peacock at DDA Silver in Agra. A tall hollow 99.80% pure silver Radha Krishna pair with painted garlands, a flute…","HM-RK-16 — Tall Radha Krishna Silver Idol Pair with Peacock","Idols","Tall Radha Krishna Silver Idol Pair with Peacock","HM-RK-16","99.80%","500 g","Height: 10 in","false","false","1"
"https://www.ddasilver.com/products/tall-rounded-silver-kalash","200","https://www.ddasilver.com/products/tall-rounded-silver-kalash","Tall Rounded Silver Kalash in Agra | DDA Silver","false","false","Tall Rounded Silver Kalash at DDA Silver in Agra. Tall Rounded Silver Kalash in 99.80% pure silver, featuring a slightly taller rounded form with clean band…","Tall Rounded Silver Kalash","Utensils","Tall Rounded Silver Kalash","DDA-UT-KL-81","99.80%","100 g","Height: 3.2 in","false","false","1"
"https://www.ddasilver.com/products/teal-brocade-silver-potli-purse-300g","200","https://www.ddasilver.com/products/teal-brocade-silver-potli-purse-300g","Teal Brocade and Silver Potli Purse in Agra | DDA Silver","false","false","Teal Brocade and Silver Potli Purse at DDA Silver in Agra. A teal brocade potli featuring a woven 92.5% silver panel, a prominent green centerpiece, matching…","PR-11 — Teal Brocade and Silver Potli Purse","Purse","Teal Brocade and Silver Potli Purse","PR-11","92.5%","300 g","","false","false","1"
"https://www.ddasilver.com/products/thirteen-inch-concentric-line-silver-plate","200","https://www.ddasilver.com/products/thirteen-inch-concentric-line-silver-plate","Thirteen-Inch Concentric-Line Silver Plate in… | DDA Silver","false","true","Thirteen-Inch Concentric-Line Silver Plate at DDA Silver in Agra. Thirteen-Inch Concentric-Line Silver Plate in 99.80% pure silver, featuring the broadest…","Thirteen-Inch Concentric-Line Silver Plate","Utensils","Thirteen-Inch Concentric-Line Silver Plate","DDA-UT-PL-52","99.80%","600 g","Diameter: 13 in","false","false","1"
"https://www.ddasilver.com/products/three-tier-six-cup-silver-hatri","200","https://www.ddasilver.com/products/three-tier-six-cup-silver-hatri","Three-Tier Six-Cup Silver Hatri in Agra | DDA Silver","false","false","Three-Tier Six-Cup Silver Hatri at DDA Silver in Agra. A tall three-tier house-shaped silver Hatri with six ritual cups and an Om flag, designed as a Diwali…","Three-Tier Six-Cup Silver Hatri","Gifts","Three-Tier Six-Cup Silver Hatri","DDA-GF-PICS-13","92.5%","1036 g","Height: 15 in","false","false","1"
"https://www.ddasilver.com/products/tiered-floral-crown-silver-singhasan","200","https://www.ddasilver.com/products/tiered-floral-crown-silver-singhasan","Tiered Floral-Crown Silver Singhasan in Agra | DDA Silver","false","false","Tiered Floral-Crown Silver Singhasan at DDA Silver in Agra. A silver singhasan weighing 675 g, with a tiered floral-crown back, engraved platform, raised…","Tiered Floral-Crown Silver Singhasan","Gifts","Tiered Floral-Crown Silver Singhasan","SG-18","92.5%","675 g","Width: 9 in | Depth: 7 in","false","false","1"
"https://www.ddasilver.com/products/tiered-leaf-floral-silver-singhasan","200","https://www.ddasilver.com/products/tiered-leaf-floral-silver-singhasan","Tiered Leaf-and-Floral Silver Singhasan in Agra | DDA Silver","false","false","Tiered Leaf-and-Floral Silver Singhasan at DDA Silver in Agra. A silver singhasan weighing 500 g, with tiered leaf-and-floral panels, an engraved seat, low…","Tiered Leaf-and-Floral Silver Singhasan","Gifts","Tiered Leaf-and-Floral Silver Singhasan","SG-21","92.5%","500 g","Width: 7 in | Depth: 5 in","false","false","1"
"https://www.ddasilver.com/products/tree-of-life-round-silver-coin-20g","200","https://www.ddasilver.com/products/tree-of-life-round-silver-coin-20g","DDA 20 Gram Round Tree of Life Silver Coin in… | DDA Silver","false","true","DDA 20 Gram Round Tree of Life Silver Coin at DDA Silver in Agra. A 20 gram silver piece featuring a round Tree of Life face and branded reverse…","DDA 20 Gram Round Tree of Life Silver Coin","Coin","DDA 20 Gram Round Tree of Life Silver Coin","DDA-COIN-20260822-030","99.80%","20 g","","false","false","1"
"https://www.ddasilver.com/products/tree-of-life-round-silver-coin-50g","200","https://www.ddasilver.com/products/tree-of-life-round-silver-coin-50g","DDA 50 Gram Round Tree of Life Silver Coin in… | DDA Silver","false","true","DDA 50 Gram Round Tree of Life Silver Coin at DDA Silver in Agra. A 50 gram silver piece featuring a round Tree of Life face and branded reverse…","DDA 50 Gram Round Tree of Life Silver Coin","Coin","DDA 50 Gram Round Tree of Life Silver Coin","DDA-COIN-20260822-029","99.80%","50 g","","false","false","1"
"https://www.ddasilver.com/products/tree-of-life-scalloped-silver-coin-25g","200","https://www.ddasilver.com/products/tree-of-life-scalloped-silver-coin-25g","DDA 25 Gram Scalloped Tree of Life Silver Coin… | DDA Silver","false","true","DDA 25 Gram Scalloped Tree of Life Silver Coin at DDA Silver in Agra. A 25 gram silver piece featuring a flower-shaped scalloped edge and Tree of Life design…","DDA 25 Gram Scalloped Tree of Life Silver Coin","Coin","DDA 25 Gram Scalloped Tree of Life Silver Coin","DDA-COIN-20260822-025","99.80%","25 g","","false","false","1"
"https://www.ddasilver.com/products/tree-of-life-scalloped-silver-coin-50g","200","https://www.ddasilver.com/products/tree-of-life-scalloped-silver-coin-50g","DDA 50 Gram Scalloped Tree of Life Silver Coin… | DDA Silver","false","true","DDA 50 Gram Scalloped Tree of Life Silver Coin at DDA Silver in Agra. A 50 gram silver piece featuring a flower-shaped scalloped edge and Tree of Life design…","DDA 50 Gram Scalloped Tree of Life Silver Coin","Coin","DDA 50 Gram Scalloped Tree of Life Silver Coin","DDA-COIN-20260822-028","99.80%","50 g","","false","false","1"
"https://www.ddasilver.com/products/triple-band-silver-tumbler","200","https://www.ddasilver.com/products/triple-band-silver-tumbler","Triple-Band Silver Glass in Agra | DDA Silver","false","false","Triple-Band Silver Glass at DDA Silver in Agra. A triple-band glass in confirmed 99.80% pure silver, with a supplied weight of 30 g and height of 2.5 in.","Triple-Band Silver Glass","Utensils","Triple-Band Silver Glass","","99.80%","30 g","Height: 2.5 in","false","true","1"
"https://www.ddasilver.com/products/triple-line-mini-silver-bowl","200","https://www.ddasilver.com/products/triple-line-mini-silver-bowl","Triple-Line Mini Silver Bowl in Agra | DDA Silver","false","false","Triple-Line Mini Silver Bowl at DDA Silver in Agra. A triple-line mini bowl in confirmed 99.80% pure silver, with a supplied weight of 40 g and diameter of 3…","Triple-Line Mini Silver Bowl","Utensils","Triple-Line Mini Silver Bowl","","99.80%","40 g","Diameter: 3 in","false","true","1"
"https://www.ddasilver.com/products/turquoise-enamel-lobed-puja-thali-set","200","https://www.ddasilver.com/products/turquoise-enamel-lobed-puja-thali-set","Turquoise Enamel Lobed Puja Thali Set in Agra | DDA Silver","false","false","Turquoise Enamel Lobed Puja Thali Set at DDA Silver in Agra. A lobed silver puja thali with turquoise, red, yellow and white enamel, a box, bowl and kalash…","Turquoise Enamel Lobed Puja Thali Set","Utensils","Turquoise Enamel Lobed Puja Thali Set","DDA-UT-PT-7","92.5%","1235 g","Diameter: 13 in","false","false","1"
"https://www.ddasilver.com/products/turquoise-floral-five-piece-condiment-set","200","https://www.ddasilver.com/products/turquoise-floral-five-piece-condiment-set","Turquoise Floral Five-Piece Condiment Set in… | DDA Silver","false","true","Turquoise Floral Five-Piece Condiment Set at DDA Silver in Agra. A five-piece covered silver condiment set with turquoise floral lid ornaments around a…","Turquoise Floral Five-Piece Condiment Set","Utensils","Turquoise Floral Five-Piece Condiment Set","DDA-UT-BW-107","92.5%","970 g","Height: 3.5 in","false","false","1"
"https://www.ddasilver.com/products/twelve-inch-concentric-line-silver-plate","200","https://www.ddasilver.com/products/twelve-inch-concentric-line-silver-plate","Twelve-Inch Concentric-Line Silver Plate in Agra | DDA Silver","false","false","Twelve-Inch Concentric-Line Silver Plate at DDA Silver in Agra. Twelve-Inch Concentric-Line Silver Plate in 99.80% pure silver, featuring a broad twelve-inch…","Twelve-Inch Concentric-Line Silver Plate","Utensils","Twelve-Inch Concentric-Line Silver Plate","DDA-UT-PL-51","99.80%","500 g","Diameter: 12 in","false","false","1"
"https://www.ddasilver.com/products/twin-line-eleven-inch-silver-plate","200","https://www.ddasilver.com/products/twin-line-eleven-inch-silver-plate","Twin-Line Eleven-Inch Silver Plate in Agra | DDA Silver","false","false","Twin-Line Eleven-Inch Silver Plate at DDA Silver in Agra. Twin-Line Eleven-Inch Silver Plate in 99.80% pure silver, featuring a broad serving profile accented…","Twin-Line Eleven-Inch Silver Plate","Utensils","Twin-Line Eleven-Inch Silver Plate","DDA-UT-PL-65","99.80%","300 g","Diameter: 11 in","false","false","1"
"https://www.ddasilver.com/products/twin-line-silver-bowl","200","https://www.ddasilver.com/products/twin-line-silver-bowl","Twin-Line Silver Bowl in Agra | DDA Silver","false","false","Twin-Line Silver Bowl at DDA Silver in Agra. A twin-line bowl in confirmed 99.80% pure silver, with a supplied weight of 100 g and diameter of 5 in.","Twin-Line Silver Bowl","Utensils","Twin-Line Silver Bowl","","99.80%","100 g","Diameter: 5 in","false","true","1"
"https://www.ddasilver.com/products/twin-line-silver-tumbler","200","https://www.ddasilver.com/products/twin-line-silver-tumbler","Twin-Line Silver Glass in Agra | DDA Silver","false","false","Twin-Line Silver Glass at DDA Silver in Agra. A twin-line glass in confirmed 99.80% pure silver, with a supplied weight of 70 g and height of 4 in.","Twin-Line Silver Glass","Utensils","Twin-Line Silver Glass","","99.80%","70 g","Height: 4 in","false","true","1"
"https://www.ddasilver.com/products/twin-peacock-bolster-silver-singhasan","200","https://www.ddasilver.com/products/twin-peacock-bolster-silver-singhasan","Twin Peacock Bolster Silver Singhasan in Agra | DDA Silver","false","false","Twin Peacock Bolster Silver Singhasan at DDA Silver in Agra. A silver singhasan weighing 650 g, with a twin-peacock floral back, cylindrical bolsters…","Twin Peacock Bolster Silver Singhasan","Gifts","Twin Peacock Bolster Silver Singhasan","SG-17","92.5%","650 g","Width: 7 in | Depth: 5 in","false","false","1"
"https://www.ddasilver.com/products/twin-peacock-floral-elephant-foot-silver-singhasan","200","https://www.ddasilver.com/products/twin-peacock-floral-elephant-foot-silver-singhasan","Twin Peacock Floral Elephant-Foot Silver… | DDA Silver","false","true","Twin Peacock Floral Elephant-Foot Silver Singhasan at DDA Silver in Agra. An ornate silver singhasan weighing 760 g, with a twin-peacock floral back, engraved…","Twin Peacock Floral Elephant-Foot Silver Singhasan","Gifts","Twin Peacock Floral Elephant-Foot Silver Singhasan","SG-13","92.5%","760 g","Width: 7 in | Depth: 5 in","false","false","1"
"https://www.ddasilver.com/products/twin-peacock-round-silver-singhasan","200","https://www.ddasilver.com/products/twin-peacock-round-silver-singhasan","Twin-Peacock Round Silver Singhasan in Agra | DDA Silver","false","false","Twin-Peacock Round Silver Singhasan at DDA Silver in Agra. A round silver singhasan weighing 525 g, with twin peacocks, botanical openwork back, engraved…","Twin-Peacock Round Silver Singhasan","Gifts","Twin-Peacock Round Silver Singhasan","SG-24","92.5%","525 g","Width: 7 in | Depth: 5 in","false","false","1"
"https://www.ddasilver.com/products/twin-peacock-singhasan-silver-jhula","200","https://www.ddasilver.com/products/twin-peacock-singhasan-silver-jhula","Twin-Peacock Singhasan Silver Jhula in Agra | DDA Silver","false","false","Twin-Peacock Singhasan Silver Jhula at DDA Silver in Agra. A silver jhula with a rectangular singhasan, bird-form ends and twin-peacock crest. Weight: 572 g…","Twin-Peacock Singhasan Silver Jhula","Jhula","Twin-Peacock Singhasan Silver Jhula","JH-19","92.5%","572 g","Singhasan dimensions: 5 × 3 in","false","false","1"
"https://www.ddasilver.com/products/two-bowl-handled-silver-serving-set","200","https://www.ddasilver.com/products/two-bowl-handled-silver-serving-set","Two-Bowl Handled Silver Serving Set in Agra | DDA Silver","false","false","Two-Bowl Handled Silver Serving Set at DDA Silver in Agra. A rectangular handled silver tray with two covered bowls, clear faceted knobs and purple corner…","Two-Bowl Handled Silver Serving Set","Utensils","Two-Bowl Handled Silver Serving Set","DDA-UT-BW-108","92.5%","425 g","Width: 9 in | Depth: 7 in","false","false","1"
"https://www.ddasilver.com/products/two-tier-arched-silver-hatri","200","https://www.ddasilver.com/products/two-tier-arched-silver-hatri","Two-Tier Arched Silver Hatri in Agra | DDA Silver","false","false","Two-Tier Arched Silver Hatri at DDA Silver in Agra. A two-tier house-shaped silver Hatri with paired arches, four ritual cups and an Om flag for Diwali puja…","Two-Tier Arched Silver Hatri","Gifts","Two-Tier Arched Silver Hatri","DDA-GF-PICS-11","92.5%","590 g","Height: 11 in","false","false","1"
"https://www.ddasilver.com/products/two-tier-four-cup-silver-hatri","200","https://www.ddasilver.com/products/two-tier-four-cup-silver-hatri","Two-Tier Four-Cup Silver Hatri in Agra | DDA Silver","false","false","Two-Tier Four-Cup Silver Hatri at DDA Silver in Agra. A two-tier house-shaped silver Hatri with arched openings, four ritual cups and an Om flag for Diwali…","Two-Tier Four-Cup Silver Hatri","Gifts","Two-Tier Four-Cup Silver Hatri","DDA-GF-PICS-22","92.5%","425 g","Height: 9 in","false","false","1"
"https://www.ddasilver.com/products/venkateswara-arch-semi-solid-silver-idol","200","https://www.ddasilver.com/products/venkateswara-arch-semi-solid-silver-idol","Venkateswara Arch Semi-solid Silver Idol in Agra | DDA Silver","false","false","Venkateswara Arch Semi-solid Silver Idol at DDA Silver in Agra. A semi-solid 92.5% silver Venkateswara idol standing beneath an ornate devotional arch…","Venkateswara Arch Semi-solid Silver Idol","Idols","Venkateswara Arch Semi-solid Silver Idol","SSM-VN-1","92.5%","1000 g","Height: 7.5 in","false","false","1"
"https://www.ddasilver.com/products/venkateswara-topper-silver-sindoor-dani","200","https://www.ddasilver.com/products/venkateswara-topper-silver-sindoor-dani","Venkateswara Topper Silver Sindoor Dani in Agra | DDA Silver","false","false","Venkateswara Topper Silver Sindoor Dani at DDA Silver in Agra. A rounded 92.5% silver Sindoor Dani with Venkateswara-style topper and green-and-purple stones…","Venkateswara Topper Silver Sindoor Dani","Gifts","Venkateswara Topper Silver Sindoor Dani","SD-03","92.5%","120 g","Height: 3 in","false","false","1"
"https://www.ddasilver.com/products/vertical-floral-panel-silver-clutch-purse","200","https://www.ddasilver.com/products/vertical-floral-panel-silver-clutch-purse","Vertical Floral-Panel Silver Clutch Purse in… | DDA Silver","false","true","Vertical Floral-Panel Silver Clutch Purse at DDA Silver in Agra. A curved silver clutch purse weighing 560 g, with a round handle, vertical floral-and-beaded…","Vertical Floral-Panel Silver Clutch Purse","Purse","Vertical Floral-Panel Silver Clutch Purse","PR-28","92.5%","560 g","","false","false","1"
"https://www.ddasilver.com/products/village-water-carrier-silver-sculpture","200","https://www.ddasilver.com/products/village-water-carrier-silver-sculpture","Village Water-Carrier Silver Sculpture in Agra | DDA Silver","false","false","Village Water-Carrier Silver Sculpture at DDA Silver in Agra. A silver village scene with a water carrier, three pots, tree, seated figure and reclining…","Village Water-Carrier Silver Sculpture","Gifts","Village Water-Carrier Silver Sculpture","DDA-GF-PICS-26","92.5%","1237 g","Height: 11 in","false","false","1"
"https://www.ddasilver.com/products/vintage-automobile-silver-sculpture","200","https://www.ddasilver.com/products/vintage-automobile-silver-sculpture","Vintage Automobile Silver Sculpture in Agra | DDA Silver","false","false","Vintage Automobile Silver Sculpture at DDA Silver in Agra. A silver vintage automobile sculpture with open cabin, engraved bodywork and detailed wheels…","Vintage Automobile Silver Sculpture","Gifts","Vintage Automobile Silver Sculpture","DDA-GF-PICS-25","92.5%","1220 g","Height: 5.5 in","false","false","1"
"https://www.ddasilver.com/products/vintage-pickup-truck-silver-sculpture","200","https://www.ddasilver.com/products/vintage-pickup-truck-silver-sculpture","Vintage Pickup Truck Silver Sculpture in Agra | DDA Silver","false","false","Vintage Pickup Truck Silver Sculpture at DDA Silver in Agra. An ornate silver vintage pickup truck sculpture with engraved body panels and detailed wheels…","Vintage Pickup Truck Silver Sculpture","Gifts","Vintage Pickup Truck Silver Sculpture","DDA-GF-PICS-36","92.5%","715 g","Height: 4.5 in","false","false","1"
"https://www.ddasilver.com/products/walking-leopard-silver-sculpture","200","https://www.ddasilver.com/products/walking-leopard-silver-sculpture","Walking Leopard Silver Sculpture in Agra | DDA Silver","false","false","Walking Leopard Silver Sculpture at DDA Silver in Agra. A compact walking leopard silver sculpture with engraved spots and poised stance. Weight: 32 g…","Walking Leopard Silver Sculpture","Gifts","Walking Leopard Silver Sculpture","DDA-GF-PICS-34","92.5%","32 g","Width: 3 in","false","false","1"
"https://www.ddasilver.com/products/white-stone-peacock-fringe-silver-purse","200","https://www.ddasilver.com/products/white-stone-peacock-fringe-silver-purse","White Stone Peacock Fringe Silver Purse in Agra | DDA Silver","false","false","White Stone Peacock Fringe Silver Purse at DDA Silver in Agra. A 92.5% silver peacock purse with round white stones, colored accents and purple-and-gold…","White Stone Peacock Fringe Silver Purse","Purse","White Stone Peacock Fringe Silver Purse","PR-22","92.5%","650 g","","false","false","1"
"https://www.ddasilver.com/products/wide-concentric-line-silver-plate","200","https://www.ddasilver.com/products/wide-concentric-line-silver-plate","Wide Concentric-Line Silver Plate in Agra | DDA Silver","false","false","Wide Concentric-Line Silver Plate at DDA Silver in Agra. Wide Concentric-Line Silver Plate in 99.80% pure silver, featuring a wider serving surface and neatly…","Wide Concentric-Line Silver Plate","Utensils","Wide Concentric-Line Silver Plate","DDA-UT-PL-46","99.80%","150 g","Diameter: 7 in","false","false","1"
"https://www.ddasilver.com/products/wide-linear-silver-bowl","200","https://www.ddasilver.com/products/wide-linear-silver-bowl","Wide Linear Silver Bowl in Agra | DDA Silver","false","false","Wide Linear Silver Bowl at DDA Silver in Agra. A wide linear bowl in confirmed 99.80% pure silver, with a supplied weight of 50 g and diameter of 4 in.","Wide Linear Silver Bowl","Utensils","Wide Linear Silver Bowl","","99.80%","50 g","Diameter: 4 in","false","true","1"
"https://www.ddasilver.com/products/wide-neck-rounded-silver-kalash","200","https://www.ddasilver.com/products/wide-neck-rounded-silver-kalash","Wide-Neck Rounded Silver Kalash in Agra | DDA Silver","false","false","Wide-Neck Rounded Silver Kalash at DDA Silver in Agra. Wide-Neck Rounded Silver Kalash in 99.80% pure silver, featuring a full rounded body with a wider neck…","Wide-Neck Rounded Silver Kalash","Utensils","Wide-Neck Rounded Silver Kalash","DDA-UT-KL-85","99.80%","250 g","Height: 4.5 in","false","false","1"
"https://www.ddasilver.com/products/wide-plain-glass-lid-silver-sindoor-dani","200","https://www.ddasilver.com/products/wide-plain-glass-lid-silver-sindoor-dani","Wide Plain Glass-Lid Silver Sindoor Dani in Agra | DDA Silver","false","false","Wide Plain Glass-Lid Silver Sindoor Dani at DDA Silver in Agra. A wide plain silver Sindoor Dani weighing 60 g, with a transparent glass lid and smooth round…","Wide Plain Glass-Lid Silver Sindoor Dani","Gifts","Wide Plain Glass-Lid Silver Sindoor Dani","SD-14","92.5%","60 g","Height: 3 in | Diameter: 3 in","false","false","1"
"https://www.ddasilver.com/products/wide-rim-eleven-inch-silver-plate","200","https://www.ddasilver.com/products/wide-rim-eleven-inch-silver-plate","Wide-Rim Eleven-Inch Silver Plate in Agra | DDA Silver","false","false","Wide-Rim Eleven-Inch Silver Plate at DDA Silver in Agra. Wide-Rim Eleven-Inch Silver Plate in 99.80% pure silver, featuring a separately photographed…","Wide-Rim Eleven-Inch Silver Plate","Utensils","Wide-Rim Eleven-Inch Silver Plate","DDA-UT-PL-66","99.80%","300 g","Diameter: 11 in","false","false","1"
"https://www.ddasilver.com/products/wide-rounded-silver-kalash","200","https://www.ddasilver.com/products/wide-rounded-silver-kalash","Wide Rounded Silver Kalash in Agra | DDA Silver","false","false","Wide Rounded Silver Kalash at DDA Silver in Agra. Wide Rounded Silver Kalash in 99.80% pure silver, featuring a wider belly, short neck and flared open rim…","Wide Rounded Silver Kalash","Utensils","Wide Rounded Silver Kalash","DDA-UT-KL-82","99.80%","125 g","Height: 3.5 in","false","false","1"
"https://www.ddasilver.com/products/wide-scrollwork-glass-lid-silver-sindoor-dani","200","https://www.ddasilver.com/products/wide-scrollwork-glass-lid-silver-sindoor-dani","Wide Scrollwork Glass-Lid Silver Sindoor Dani… | DDA Silver","false","true","Wide Scrollwork Glass-Lid Silver Sindoor Dani at DDA Silver in Agra. A wide silver Sindoor Dani weighing 50 g, with engraved scrollwork and a transparent…","Wide Scrollwork Glass-Lid Silver Sindoor Dani","Gifts","Wide Scrollwork Glass-Lid Silver Sindoor Dani","SD-15","92.5%","50 g","Height: 3 in | Diameter: 3 in","false","false","1"
"https://www.ddasilver.com/products/wide-serving-silver-bowl","200","https://www.ddasilver.com/products/wide-serving-silver-bowl","Wide Serving Silver Bowl in Agra | DDA Silver","false","false","Wide Serving Silver Bowl at DDA Silver in Agra. A wide serving bowl in confirmed 99.80% pure silver, with a supplied weight of 150 g and diameter of 7 in.","Wide Serving Silver Bowl","Utensils","Wide Serving Silver Bowl","","99.80%","150 g","Diameter: 7 in","false","true","1"
"https://www.ddasilver.com/products/wide-serving-silver-spoon","200","https://www.ddasilver.com/products/wide-serving-silver-spoon","Wide Serving Silver Spoon in Agra | DDA Silver","false","false","Wide Serving Silver Spoon at DDA Silver in Agra. A wide polished serving spoon with a smooth rounded handle in 92.5% pure silver, supplied at 60 g and 6.5 in…","Wide Serving Silver Spoon","Utensils","Wide Serving Silver Spoon","DDA-UT-SP-41","92.5%","60 g","Height: 6.5 in","false","false","1"
"https://www.ddasilver.com/products/wide-silver-bowl","200","https://www.ddasilver.com/products/wide-silver-bowl","Wide Silver Bowl in Agra | DDA Silver","false","false","Wide Silver Bowl at DDA Silver in Agra. A wide-profile bowl in confirmed 99.80% pure silver, with a supplied weight of 55 g and diameter of 5 in.","Wide Silver Bowl","Utensils","Wide Silver Bowl","","99.80%","55 g","Diameter: 5 in","false","true","1"
"https://www.ddasilver.com/products/woven-lattice-two-tone-silver-purse-400g","200","https://www.ddasilver.com/products/woven-lattice-two-tone-silver-purse-400g","DDA 400 Gram Woven Lattice Two-Tone Silver… | DDA Silver","false","true","DDA 400 Gram Woven Lattice Two-Tone Silver Purse at DDA Silver in Agra. A 400 gram purse in confirmed 92.5% silver with a woven lattice body, gold-tone clasp…","DDA 400 Gram Woven Lattice Two-Tone Silver Purse","Purse","DDA 400 Gram Woven Lattice Two-Tone Silver Purse","PR-2202","92.5%","400 g","","false","false","1"
"https://www.ddasilver.com/products/woven-silver-tote-purse-330g","200","https://www.ddasilver.com/products/woven-silver-tote-purse-330g","Woven Silver Tote Purse in Agra | DDA Silver","false","false","Woven Silver Tote Purse at DDA Silver in Agra. A structured 92.5% silver tote with a handwoven basket texture, polished double handles, floral attachment…","PR-6 — Woven Silver Tote Purse","Purse","Woven Silver Tote Purse","PR-6","92.5%","330 g","","false","false","1"
"https://www.ddasilver.com/products/yashoda-with-bal-krishna-silver-idol","200","https://www.ddasilver.com/products/yashoda-with-bal-krishna-silver-idol","Yashoda with Bal Krishna Silver Idol in Agra | DDA Silver","false","false","Yashoda with Bal Krishna Silver Idol at DDA Silver in Agra. A hollow 99.80% pure silver Yashoda and Bal Krishna idol showing Yashoda carrying Krishna and…","HM-BK-10 — Yashoda with Bal Krishna Silver Idol","Idols","Yashoda with Bal Krishna Silver Idol","HM-BK-10","99.80%","40 g","Height: 6 in","false","false","1"
"https://www.ddasilver.com/rates","200","https://www.ddasilver.com/rates","Live Silver Rates in Agra | DDA Silver","false","false","Check live silver customer and market reference rates inside the DDA Silver website, updated automatically from the authoritative rate feed.","Today's silver rates in Agra","","","","","","","","",""
